node,level,n,centroid_norm,scatter
root,0,418758,2.705885171890259,0.3723451495170593
3,1,178127,2.771153211593628,0.3556944727897644
75,2,25605,2.8508245944976807,0.3374505043029785
75.10,3,6706,2.904654026031494,0.3264163136482239
75.30,3,4489,2.8795053958892822,0.3304530382156372
71,2,23695,2.8161633014678955,0.3455153703689575
71.10,3,4492,2.8785884380340576,0.3327183723449707
71.20,3,2545,2.8494668006896973,0.3357936143875122
0,1,64755,2.7405409812927246,0.3662707209587097
03,2,25377,2.785327196121216,0.3566827178001404
03.67,3,9246,2.8369083404541016,0.34480035305023193
03.65,3,8120,2.7776031494140625,0.35853302478790283
05,2,22191,2.79457426071167,0.3529745936393738
05.45,3,7851,2.8333582878112793,0.3449208736419678
05.40,3,4513,2.8287274837493896,0.3453647494316101
6,1,44253,2.8132498264312744,0.35167521238327026
11,2,14097,2.845212697982788,0.34428852796554565
11.15,3,3654,2.8851139545440674,0.33465880155563354
11.10,3,3650,2.8715877532958984,0.3386789560317993
12,2,13531,2.856264591217041,0.3410278558731079
12.38,3,5170,2.8909707069396973,0.33212387561798096
12.60,3,3177,2.9751007556915283,0.31479400396347046
2,1,33037,2.7592878341674805,0.3613108992576599
42,2,19338,2.8168835639953613,0.34961146116256714
42.50,3,8693,2.8522560596466064,0.34197622537612915
42.65,3,4626,2.8564515113830566,0.34176039695739746
47,2,7960,2.787328004837036,0.3522754907608032
47.27,3,1658,2.859487771987915,0.33561134338378906
47.20,3,1326,2.8391313552856445,0.34111738204956055
1,1,28057,2.799450635910034,0.35043108463287354
4,1,8154,2.7686450481414795,0.3587990999221802
5,1,12113,2.769155979156494,0.35739272832870483
7,1,28973,2.8130526542663574,0.34742099046707153
8,1,21289,2.7025973796844482,0.37028855085372925
