benchmark,group,enc,method,metric,mean,std,ci2_5,ci97_5
collab,sample,qwen,embeddinggemma,AUC,0.7366589251009321,0.00717295561901409,0.7210979820151742,0.7483888207754892
collab,sample,qwen,gte,AUC,0.7657129309249936,0.007384203274170297,0.7507762578626085,0.7791042047866792
collab,sample,qwen,instructor,AUC,0.6714613140655787,0.007796088702648415,0.6568903966224614,0.6868757688194222
collab,sample,qwen,qwen,AUC,0.6325092324766296,0.008792421981034622,0.6173148699591805,0.6529212449106532
collab,sample,qwen,qwen_genkron,AUC,0.7845801597949696,0.00596546927988823,0.7729979688311988,0.7961708560988997
collab,sample,qwen,qwen_kron,AUC,0.7733783214927304,0.006229036255728137,0.7609658655575867,0.7851298860289295
collab,sample,qwen,sbert,AUC,0.7782918312871765,0.006403260583442999,0.7664404957142479,0.7895711178045577
collab,sample,qwen,specter2,AUC,0.6878051984243203,0.008819623320173988,0.6726821462650199,0.7029546710390819
next_paper,sample,qwen,embeddinggemma,AUC,0.8093914943369505,0.005919369473109127,0.7976555867058547,0.8205422224338591
next_paper,sample,qwen,gte,AUC,0.8527929600764714,0.005134187733466155,0.8424456986132495,0.8616073201659937
next_paper,sample,qwen,instructor,AUC,0.7050243990836124,0.006674719241238013,0.6918553298977618,0.7190078596636031
next_paper,sample,qwen,qwen,AUC,0.6607919997742541,0.00683883131835726,0.6477718469856739,0.6746022671156895
next_paper,sample,qwen,qwen_genkron,AUC,0.8893189299023473,0.004790421135729836,0.8785199981393593,0.8978507991054815
next_paper,sample,qwen,qwen_kron,AUC,0.8748128783008735,0.0053741184293937235,0.8631049082774701,0.8852372746728887
next_paper,sample,qwen,sbert,AUC,0.877206628995307,0.005036643058000886,0.8677512267221509,0.8872112231684153
next_paper,sample,qwen,specter2,AUC,0.7497090932419063,0.006401464975693452,0.7364073889259254,0.7624334121019244
topic,sample,qwen,embeddinggemma,F1,0.9602693997190479,0.007942777165425944,0.9433821905600118,0.974606157532346
topic,sample,qwen,gte,F1,1.0,0.0,1.0,1.0
topic,sample,qwen,instructor,F1,0.7300116428207594,0.017229913709725278,0.6967702895168959,0.7626541021146213
topic,sample,qwen,qwen,F1,0.47953521615256633,0.01805450782809461,0.44292157479340766,0.5113554437020488
topic,sample,qwen,qwen_genkron,F1,1.0,0.0,1.0,1.0
topic,sample,qwen,qwen_kron,F1,1.0,0.0,1.0,1.0
topic,sample,qwen,sbert,F1,1.0,0.0,1.0,1.0
topic,sample,qwen,specter2,F1,0.8899359229002809,0.01122941580142075,0.864218222760856,0.9078896669657082
