paper_id,author_id
0,100
0,398
1,363
1,368
1,395
2,68
2,341
2,397
3,199
3,253
4,168
4,200
5,13
5,79
5,162
5,215
6,7
6,81
6,235
7,20
7,130
7,359
7,367
8,261
8,361
9,216
9,385
10,264
10,352
11,2
11,16
11,386
12,17
12,332
12,375
13,112
13,191
13,369
14,91
14,176
14,232
14,384
15,94
15,124
15,374
16,399
17,96
17,163
17,298
18,181
18,353
19,28
19,68
19,78
19,104
20,86
20,255
21,85
21,141
22,110
22,212
23,78
23,228
23,313
23,361
24,173
24,196
24,208
24,324
25,25
25,90
25,274
26,57
27,99
27,134
27,243
28,16
28,253
28,350
29,127
29,270
29,341
29,398
30,95
30,329
31,132
31,332
32,35
32,105
32,220
33,1
33,45
33,190
34,24
34,360
34,363
35,44
35,276
35,365
36,214
36,271
37,127
37,260
37,292
38,102
38,199
38,364
39,145
39,164
40,77
40,214
40,239
40,386
41,247
41,300
42,153
42,169
42,309
43,52
43,76
43,240
44,200
44,271
44,371
45,231
45,279
45,311
46,69
47,134
47,249
48,209
48,242
48,299
49,191
49,226
50,279
50,281
50,318
50,362
51,96
51,308
51,339
52,172
52,390
54,165
55,13
55,346
55,388
56,135
56,214
57,112
57,233
58,336
58,341
59,50
59,210
60,115
60,202
61,87
61,268
62,271
62,360
62,383
63,60
63,115
64,55
64,176
64,264
65,49
65,118
65,268
65,347
66,119
66,195
66,256
66,284
67,81
67,199
67,330
68,113
69,125
69,206
69,283
69,380
70,112
70,119
70,304
71,91
71,103
71,210
72,76
72,187
72,374
73,330
73,377
74,138
74,199
74,225
74,359
75,26
75,382
76,206
76,283
76,330
77,5
77,243
77,266
77,295
78,91
78,147
78,348
79,74
79,99
80,212
80,224
81,233
81,265
82,33
82,66
82,325
83,102
83,364
84,5
84,148
84,195
85,60
85,66
85,234
86,163
86,195
87,18
87,79
87,104
88,36
88,204
88,240
89,184
89,206
90,68
90,277
91,195
91,235
92,61
92,171
93,36
93,120
93,271
93,272
94,132
94,201
94,316
95,94
95,267
96,62
96,119
97,112
97,267
98,247
98,292
98,371
99,27
99,135
100,83
100,130
100,184
100,283
101,118
101,225
101,231
101,268
102,49
102,97
102,294
103,3
103,112
103,384
104,127
104,143
105,213
105,261
105,275
106,44
106,247
107,255
107,258
107,370
108,101
108,332
109,0
109,191
110,76
110,97
111,34
111,96
112,48
112,49
112,92
113,147
113,225
113,359
114,40
114,107
114,296
115,103
115,233
116,134
116,343
116,356
117,168
117,222
117,264
117,376
118,145
118,211
118,248
118,313
119,79
119,245
120,70
120,358
121,146
121,204
121,268
121,284
122,166
122,196
123,59
123,186
123,216
123,346
124,14
124,43
124,382
125,153
125,169
126,12
126,238
126,383
127,110
127,275
127,319
128,127
128,365
129,214
129,272
129,312
130,11
130,94
130,305
130,386
131,134
131,390
132,83
132,397
133,43
133,388
134,200
134,242
134,383
135,100
135,276
136,15
136,221
136,309
137,32
137,66
137,209
138,4
138,66
138,209
138,216
139,232
139,233
139,286
140,39
140,224
140,296
141,231
141,268
142,176
142,198
142,233
142,264
143,41
143,74
144,144
145,109
145,144
145,361
146,39
146,287
146,319
146,372
147,47
147,101
147,201
147,326
148,16
148,55
148,225
149,147
149,307
149,317
149,377
150,71
150,73
150,243
151,342
152,113
152,125
152,235
152,237
153,150
153,273
154,5
154,165
154,185
154,299
155,93
155,242
155,298
156,15
156,346
157,107
157,110
157,370
158,42
158,77
158,235
159,281
159,344
160,19
160,326
160,391
161,108
161,189
161,354
162,72
162,333
163,7
163,130
164,142
164,148
165,60
165,226
165,228
166,18
166,306
166,336
167,68
167,314
167,371
168,153
168,224
169,148
169,298
170,39
170,86
171,148
171,195
173,3
173,50
173,228
174,180
174,272
175,149
175,221
176,207
176,234
177,96
177,273
177,277
177,292
178,221
178,223
179,49
179,179
179,332
179,376
180,84
180,261
181,114
181,270
181,399
182,309
183,11
183,142
183,203
183,294
184,323
184,327
185,202
185,244
185,282
185,355
186,23
186,162
186,245
187,95
187,383
188,86
188,111
188,296
189,117
189,172
189,282
189,365
190,117
190,379
191,23
191,84
191,164
191,336
192,35
192,105
192,252
192,351
193,231
193,241
194,96
194,341
195,39
195,303
196,191
196,329
197,352
197,387
198,35
198,197
198,205
199,114
199,250
200,24
200,35
200,197
201,76
201,82
202,175
202,181
202,301
203,117
203,132
204,172
204,297
205,77
205,197
206,9
206,320
207,47
208,112
208,282
208,352
209,136
209,383
210,197
210,346
211,168
212,0
212,60
213,217
213,269
213,322
214,270
214,337
215,125
216,110
216,171
216,178
216,296
217,394
217,398
218,177
218,326
218,338
219,46
219,312
219,351
220,119
220,185
221,247
221,313
222,116
222,342
223,98
223,202
223,264
224,32
224,66
224,250
224,388
225,88
225,196
225,208
226,297
226,389
227,54
227,263
227,385
228,59
228,270
228,341
228,398
229,21
229,228
229,257
229,291
230,188
230,222
230,274
230,360
231,88
231,349
232,21
232,352
233,69
233,196
233,263
233,323
234,27
234,232
234,376
235,197
235,239
235,242
236,151
236,369
236,389
237,270
238,17
238,47
238,302
238,391
239,154
239,204
240,57
240,210
240,285
241,119
241,163
242,87
242,199
243,20
243,307
243,320
243,323
244,5
244,187
244,235
244,370
245,76
245,304
246,14
246,64
246,193
246,209
247,125
247,163
247,266
247,284
248,119
248,163
249,313
249,315
250,79
250,140
250,369
251,103
251,264
252,12
252,35
252,77
252,386
253,253
253,330
254,335
254,394
255,4
255,223
256,21
256,176
257,32
257,216
258,83
258,279
258,292
258,371
259,143
259,377
260,47
260,175
261,50
262,271
262,285
262,326
262,357
263,1
263,146
263,275
264,54
264,186
264,208
264,323
265,78
265,335
266,93
266,242
267,13
267,159
267,324
267,395
268,101
268,246
268,329
269,11
269,41
269,129
269,328
270,179
270,343
271,149
271,248
272,15
272,26
272,388
273,155
273,328
274,103
274,115
275,33
275,86
275,255
276,203
276,344
277,351
278,223
279,54
279,325
280,185
280,259
280,271
281,376
281,386
282,146
282,169
283,30
283,140
283,287
284,115
284,340
284,392
285,267
285,373
286,121
286,179
286,329
287,20
287,41
287,143
288,139
288,369
289,151
289,229
290,205
290,220
290,238
291,27
291,180
291,383
291,386
292,226
293,155
293,326
294,17
294,151
294,221
294,389
295,187
295,242
295,399
296,63
296,204
296,311
297,1
297,30
297,258
298,104
298,248
299,228
299,261
299,296
300,144
300,192
300,305
301,11
301,39
301,110
302,150
302,277
302,279
302,339
303,151
303,309
304,68
304,100
304,247
305,101
305,179
305,248
305,326
306,124
306,176
306,384
307,248
307,261
307,315
308,109
308,143
308,364
308,367
309,68
309,182
310,144
310,146
310,178
310,303
311,127
311,193
311,308
312,288
312,354
313,332
313,376
314,91
314,233
314,236
314,260
315,18
315,335
315,342
316,171
317,26
317,381
317,384
317,385
318,119
318,399
319,28
319,150
319,339
320,23
320,381
321,41
321,87
321,129
321,311
322,64
322,66
322,193
323,136
323,191
323,210
323,345
324,106
324,243
324,254
324,273
326,122
326,270
326,279
327,16
327,317
327,367
328,168
328,218
328,299
329,289
329,344
330,139
330,254
331,371
332,126
332,180
332,188
333,228
333,265
334,152
334,257
334,399
335,54
335,69
336,242
337,163
337,392
339,188
339,222
340,218
340,239
341,30
341,303
342,150
342,314
343,255
343,340
344,336
345,225
345,244
345,289
345,358
346,57
346,247
346,273
347,165
347,299
347,304
348,5
348,121
349,133
349,183
350,0
350,3
351,300
352,7
352,188
352,387
353,48
353,358
354,177
354,295
355,58
355,331
356,32
356,59
356,64
356,130
357,57
357,127
358,140
358,153
359,29
359,92
359,338
360,176
360,282
361,35
361,185
362,19
362,128
362,350
363,7
363,91
364,109
364,253
364,356
365,81
366,114
367,97
367,230
368,30
368,217
369,101
369,167
369,246
369,332
370,137
370,392
371,22
371,137
371,182
371,211
372,198
372,232
372,314
373,29
373,339
374,159
374,310
374,368
375,0
375,50
375,288
375,345
376,30
376,217
377,118
377,270
377,279
377,305
378,194
379,114
379,273
380,70
380,129
380,325
380,374
381,16
381,70
381,311
382,49
382,90
382,353
383,137
383,248
383,361
384,191
384,340
385,7
385,108
385,243
385,317
386,96
386,148
386,156
386,266
387,20
387,320
387,359
388,387
389,27
389,259
389,274
389,386
390,305
390,309
390,319
391,67
391,99
391,254
392,26
392,32
392,59
392,323
393,84
393,140
393,346
394,34
394,127
394,365
395,13
395,159
395,250
395,381
396,78
396,139
397,216
397,288
398,48
398,106
398,119
398,298
399,9
399,46
399,102
399,199
400,30
400,107
400,116
400,212
401,245
402,109
402,287
403,168
403,344
404,56
404,240
404,290
404,386
405,76
405,339
406,140
406,287
407,6
407,216
408,67
408,78
408,159
409,34
409,96
409,150
409,337
410,35
410,190
410,319
411,17
411,174
411,332
412,43
412,130
412,216
413,260
414,5
414,121
414,156
414,171
415,302
415,379
416,193
416,388
417,70
417,268
418,252
418,360
419,120
419,136
419,271
420,79
420,297
421,155
421,175
421,333
422,68
422,270
423,157
423,228
424,353
425,50
425,176
425,234
425,278
426,382
426,385
427,123
427,313
428,63
428,225
428,393
429,245
429,298
429,335
430,34
430,141
430,270
431,92
431,162
431,225
431,231
432,116
432,217
432,370
433,337
433,341
434,12
434,188
435,92
435,379
436,376
436,391
437,27
438,322
438,372
439,40
440,168
440,312
440,376
441,251
441,329
441,375
442,31
442,138
442,320
443,377
444,171
444,242
445,185
446,119
446,131
446,396
447,142
447,208
447,284
447,321
448,177
448,291
449,330
449,364
450,9
450,81
450,283
450,367
451,204
451,259
451,271
452,79
452,123
452,137
452,335
453,5
453,298
454,143
454,272
455,70
455,158
455,227
456,195
456,266
457,99
457,108
458,227
458,344
459,19
459,177
459,376
460,0
460,112
460,285
461,128
461,329
461,391
462,318
462,353
463,72
463,249
464,1
465,95
465,134
465,174
466,270
466,273
467,187
467,304
467,396
468,225
468,305
468,393
469,30
470,192
470,224
471,91
471,191
472,27
472,271
473,372
474,197
474,233
474,280
474,327
475,377
475,380
476,250
477,336
478,143
478,377
478,398
479,21
479,37
479,152
480,127
480,397
481,120
481,180
482,144
482,146
483,27
483,126
483,205
485,164
485,211
485,322
486,66
486,302
486,385
487,55
487,124
489,23
489,53
489,133
489,261
490,63
490,124
490,311
491,5
491,15
491,263
491,302
492,188
492,274
493,204
493,225
493,347
493,386
494,91
494,373
495,147
495,247
496,336
496,398
497,10
497,48
497,49
497,122
498,183
498,213
498,279
498,281
499,12
499,238
500,156
500,266
500,373
501,148
502,260
502,337
503,189
503,243
503,287
503,321
504,124
504,230
505,68
505,337
506,114
506,127
506,341
507,101
507,351
508,343
508,357
509,282
509,345
510,160
510,288
511,153
511,192
511,223
511,325
512,12
513,113
513,284
513,299
514,7
514,199
515,56
515,351
515,386
516,270
517,5
517,284
517,378
517,396
518,119
518,235
518,299
519,97
519,122
519,124
519,294
520,231
520,321
521,193
522,34
522,68
522,85
522,313
523,201
523,333
524,73
524,199
525,9
525,188
526,46
526,383
528,156
528,187
528,207
528,339
529,9
529,27
529,205
529,290
530,138
530,330
531,82
531,175
532,196
532,262
532,354
532,368
533,168
533,218
534,138
534,321
535,133
535,145
535,164
535,361
536,45
536,146
536,370
537,190
537,296
538,131
538,148
539,0
539,10
539,311
540,92
540,117
541,96
542,120
542,238
542,393
543,54
543,159
543,173
543,210
544,131
544,148
545,20
545,189
545,359
546,195
547,9
547,27
547,77
548,51
548,298
548,299
548,373
549,114
549,150
549,247
550,193
550,250
550,363
551,27
551,386
552,72
552,329
553,303
554,168
554,365
554,371
555,110
555,178
555,287
556,139
556,212
557,44
557,308
558,113
558,304
559,32
559,354
561,179
561,219
561,246
562,145
562,248
563,26
564,238
565,87
565,391
566,210
566,323
566,384
566,388
568,318
568,358
568,362
569,69
569,146
569,370
570,139
570,306
571,14
571,64
571,179
572,26
572,189
572,283
572,359
573,126
573,386
574,84
574,104
575,42
575,237
576,3
576,60
576,115
577,74
577,359
578,19
578,375
579,32
579,130
579,173
579,325
580,273
580,341
581,9
581,367
582,32
582,88
582,344
582,371
583,105
583,360
584,319
584,342
585,232
585,236
586,91
586,228
587,300
587,336
588,83
588,292
589,77
589,271
590,213
590,313
591,114
591,150
591,247
591,308
592,55
592,226
592,233
593,193
593,270
594,15
594,54
595,141
595,308
596,20
596,387
597,124
597,230
597,246
598,202
598,355
599,113
599,165
600,138
601,133
601,309
601,349
602,63
602,231
602,268
602,311
603,7
603,9
603,20
604,41
604,102
604,109
605,105
605,136
605,239
605,386
606,113
606,299
606,378
606,396
607,130
607,173
607,193
607,382
608,22
608,229
609,264
609,340
609,345
610,180
610,205
611,61
611,370
612,39
612,194
613,46
613,240
614,101
614,128
614,350
615,66
615,186
615,277
615,381
616,119
616,319
617,132
617,177
617,248
618,207
618,298
619,135
619,383
620,6
620,333
621,112
621,284
621,304
622,12
622,386
623,346
624,141
624,247
625,7
625,317
625,380
626,172
626,391
627,281
627,287
628,188
628,218
629,47
629,332
629,343
630,327
630,329
631,94
631,227
632,135
632,252
633,302
633,333
634,35
634,372
635,180
635,197
636,45
636,194
637,21
637,285
638,172
638,333
639,50
639,144
639,146
639,322
640,224
640,275
641,86
641,190
642,292
642,398
643,102
643,184
644,22
644,28
644,221
645,10
645,52
645,231
645,305
646,172
646,259
647,144
647,224
648,352
648,366
649,397
650,324
650,363
651,41
651,203
651,204
652,188
652,299
652,383
653,247
654,243
654,367
655,131
655,235
655,266
656,294
656,344
656,347
657,0
657,198
658,83
658,127
658,337
658,339
659,91
659,157
660,28
660,334
661,233
661,369
662,170
662,172
663,55
663,176
663,329
664,76
664,225
664,284
664,301
665,82
665,193
665,349
666,27
666,221
667,11
667,39
667,322
668,7
668,9
669,34
669,96
669,260
669,339
670,167
670,183
671,176
671,234
671,314
671,385
672,26
672,115
672,159
672,216
673,9
673,243
673,320
673,380
674,240
674,271
674,383
675,13
675,84
675,164
675,230
676,246
676,249
677,84
677,248
678,39
678,153
678,217
678,319
679,68
679,250
679,276
679,337
680,162
680,297
680,306
680,349
681,114
681,300
681,398
682,180
682,394
683,221
684,145
684,349
684,361
685,363
686,55
686,91
686,340
687,9
687,20
688,153
688,258
689,263
689,323
689,395
690,261
690,309
691,171
691,217
691,319
692,89
692,111
693,304
694,205
694,394
695,27
695,35
695,222
695,272
696,20
696,199
696,283
696,330
697,48
697,94
697,244
697,347
698,70
698,142
698,311
699,93
699,165
700,40
700,396
701,112
701,384
702,74
702,184
703,3
703,266
704,282
704,340
705,89
705,116
705,269
706,13
706,196
706,332
706,381
707,147
708,55
708,98
708,176
708,384
709,134
709,174
709,332
710,96
710,148
710,184
711,60
711,246
712,214
712,239
713,44
713,56
713,87
713,386
714,184
714,367
716,110
716,116
716,269
717,113
717,235
718,13
718,54
718,209
719,268
719,311
719,325
719,362
721,176
721,233
721,384
722,184
722,320
723,11
723,241
723,318
724,319
724,322
724,372
725,106
725,221
725,349
726,199
726,239
727,129
727,227
727,289
728,132
728,302
728,338
729,218
729,259
729,386
730,151
730,335
731,15
731,106
731,143
731,335
732,191
732,286
732,329
733,111
733,131
733,370
734,4
734,263
734,346
735,15
735,26
735,216
735,327
736,59
736,310
736,325
737,113
737,237
737,399
738,31
738,32
738,164
739,314
739,355
740,9
740,320
741,167
741,357
742,233
742,384
743,91
743,112
743,226
743,228
744,273
745,21
745,112
745,236
746,38
746,179
747,198
747,291
748,155
748,177
749,68
749,88
749,270
750,295
751,189
751,317
752,313
752,330
752,341
752,397
753,125
753,152
754,72
754,177
754,249
754,333
755,15
755,280
755,310
755,385
756,173
756,293
757,100
757,371
757,397
758,50
758,232
758,352
759,245
759,246
759,295
759,379
760,10
760,248
760,275
761,49
761,132
761,179
761,329
762,194
762,297
762,330
762,367
763,140
763,319
764,193
764,277
765,270
765,276
765,339
766,11
766,217
766,275
767,35
767,126
768,46
768,102
768,387
769,117
769,121
770,210
770,232
770,278
771,191
771,366
772,226
773,181
773,329
773,379
774,249
774,251
774,350
775,117
775,134
776,120
776,185
777,48
777,51
778,81
778,99
778,108
779,349
780,59
780,280
781,124
781,142
781,318
782,110
782,169
782,212
782,305
783,75
783,330
784,90
784,289
785,126
785,161
786,46
786,204
786,240
787,4
787,43
787,64
787,196
788,9
789,99
789,108
789,359
790,105
790,120
790,126
790,197
791,9
791,71
791,253
792,4
792,204
792,279
792,374
793,72
793,246
793,329
793,379
794,5
794,48
795,9
795,20
795,99
795,108
796,88
796,324
796,385
797,5
798,83
798,182
799,286
799,287
800,98
800,124
800,202
800,352
801,197
801,218
802,273
803,19
804,277
804,336
804,341
804,365
805,18
805,73
805,248
805,335
806,27
806,232
807,21
807,112
807,191
808,6
808,72
809,173
809,288
810,104
810,361
811,17
811,19
812,56
813,123
813,349
813,360
814,233
815,115
815,228
815,234
816,359
816,365
817,54
817,108
818,35
818,238
818,383
819,102
819,184
819,367
820,138
820,359
820,367
821,189
821,359
822,144
822,178
822,258
823,207
824,40
824,51
824,304
825,263
825,288
825,346
826,288
826,368
827,114
827,260
828,78
828,145
829,102
829,233
830,9
830,83
831,278
831,285
831,345
832,39
832,224
833,330
833,367
834,247
834,273
834,344
835,234
835,392
836,28
836,137
836,313
837,72
837,174
838,47
838,375
839,4
839,13
839,193
840,58
840,221
840,309
840,361
841,14
841,29
841,357
841,379
842,138
843,81
843,143
844,147
844,320
845,202
845,355
846,167
846,215
846,251
846,295
847,292
847,365
848,74
848,347
849,119
849,267
850,69
850,216
851,0
851,345
851,352
852,147
852,320
853,175
853,179
853,248
854,30
854,218
855,98
855,115
855,232
855,314
856,198
856,202
856,222
857,347
857,377
858,27
858,182
859,75
859,96
860,31
860,43
860,263
860,388
861,30
861,326
862,74
862,387
863,61
863,179
863,356
864,128
864,343
864,391
865,226
865,285
865,286
866,69
866,193
866,247
867,246
867,294
868,197
868,214
868,238
869,320
869,380
870,181
870,268
871,267
871,396
872,17
872,302
873,5
873,111
873,267
873,273
874,89
874,169
874,190
876,163
876,257
876,298
877,189
877,361
878,12
878,185
878,197
878,218
879,18
879,28
879,261
879,361
880,117
880,181
881,370
882,218
882,240
883,220
883,386
884,26
884,32
885,147
885,231
885,380
886,84
886,123
886,221
886,313
887,108
887,387
888,163
888,165
888,235
889,29
889,295
889,316
889,332
890,320
890,348
890,377
891,144
891,178
891,322
892,259
892,272
893,202
893,385
894,5
894,242
895,68
895,75
895,341
896,28
896,104
896,389
897,59
897,130
897,280
897,381
898,113
899,135
899,252
900,27
900,293
900,312
901,34
901,240
901,386
902,30
902,140
902,224
903,263
903,310
903,324
904,103
904,233
904,278
904,345
905,158
905,321
905,374
906,63
906,129
906,321
906,353
907,72
907,391
908,24
908,104
909,48
909,244
910,30
910,222
911,6
911,177
912,6
912,155
912,219
912,343
913,106
913,164
913,211
914,119
915,183
915,289
915,344
916,127
916,231
917,356
917,375
918,300
918,398
919,146
919,153
919,372
920,23
920,254
920,261
920,335
921,91
921,392
922,59
922,250
922,263
922,346
923,11
923,124
923,191
923,301
924,35
924,274
924,394
925,135
925,188
925,222
925,259
926,40
926,373
927,157
928,129
928,231
929,296
929,322
930,135
930,226
930,240
931,159
931,192
932,30
932,107
932,144
933,108
933,377
934,112
934,156
934,202
934,234
935,73
935,147
936,140
936,178
936,337
937,137
937,373
938,40
938,61
938,110
939,81
939,347
940,247
940,334
940,341
941,32
941,159
941,173
942,75
942,119
942,131
942,163
943,107
943,269
944,44
944,371
945,25
945,65
945,80
946,68
947,3
948,198
948,216
948,285
949,215
949,332
950,263
950,324
951,62
951,195
951,304
952,49
952,374
953,73
953,369
954,150
955,0
955,21
955,55
955,286
956,298
956,299
957,215
958,196
958,381
959,1
959,275
960,118
960,142
961,169
961,218
961,322
962,21
962,267
963,112
963,282
964,188
964,272
964,312
965,363
965,385
966,48
966,49
966,268
966,355
967,73
967,243
968,263
968,346
968,368
969,10
969,78
969,84
970,202
970,264
971,39
971,61
971,110
971,144
972,72
972,246
972,329
972,376
973,77
973,185
974,131
974,282
974,340
974,352
975,210
975,282
976,144
976,275
977,91
977,345
977,369
978,168
978,180
978,351
978,360
979,230
979,301
980,63
980,203
981,13
981,43
981,155
981,332
982,1
983,26
983,166
983,173
983,196
984,30
985,130
985,330
985,359
986,95
986,174
986,201
987,94
987,228
987,382
988,34
988,260
988,279
988,339
989,221
990,208
990,268
991,176
991,191
991,233
991,384
992,383
993,114
993,341
994,108
994,380
995,20
995,320
997,98
997,226
997,228
998,4
998,250
998,358
998,385
999,115
999,207
999,285
999,355
1000,188
1000,290
1001,29
1001,277
1001,300
1002,264
1002,314
1002,369
1003,11
1003,87
1003,230
1004,210
1004,226
1005,25
1005,225
1005,301
1006,273
1006,339
1007,26
1007,209
1008,9
1009,121
1009,155
1009,172
1009,246
1010,125
1010,163
1010,195
1010,256
1011,178
1011,194
1012,80
1012,90
1012,347
1012,374
1013,19
1013,333
1014,323
1014,348
1014,356
1015,69
1015,395
1016,11
1016,76
1016,158
1017,135
1017,185
1017,218
1018,12
1018,185
1018,222
1018,264
1019,60
1019,392
1020,258
1020,342
1021,91
1021,176
1022,31
1022,43
1022,88
1022,209
1023,49
1023,149
1024,10
1024,94
1025,31
1025,332
1026,0
1026,285
1027,83
1027,150
1027,276
1028,38
1028,246
1028,295
1028,338
1029,51
1029,113
1029,298
1029,396
1030,55
1030,392
1031,134
1031,179
1031,316
1031,356
1032,178
1032,190
1032,212
1032,287
1033,41
1033,87
1033,135
1033,301
1034,73
1034,143
1034,189
1034,235
1035,196
1035,382
1036,19
1036,134
1036,295
1036,333
1037,91
1037,198
1037,264
1037,286
1038,38
1038,92
1038,211
1039,5
1039,113
1039,137
1039,267
1040,106
1040,369
1041,64
1041,69
1041,327
1043,13
1043,261
1044,153
1044,293
1045,31
1045,110
1045,173
1045,363
1046,189
1046,283
1047,30
1047,269
1047,320
1047,342
1048,103
1048,285
1048,291
1048,355
1049,163
1049,192
1049,263
1049,327
1050,99
1050,143
1051,217
1051,269
1051,320
1052,84
1052,107
1052,123
1052,261
1053,96
1053,174
1053,273
1054,96
1054,277
1055,150
1055,313
1056,46
1057,293
1057,367
1057,385
1058,81
1058,206
1058,364
1059,173
1059,354
1060,177
1060,251
1060,333
1061,228
1061,285
1062,86
1062,89
1062,178
1062,322
1063,54
1063,216
1063,325
1064,257
1064,266
1065,36
1065,272
1066,60
1066,202
1066,286
1067,233
1067,236
1067,282
1067,314
1068,144
1068,169
1068,342
1069,10
1069,122
1069,158
1070,43
1070,395
1071,78
1071,221
1071,331
1072,179
1072,375
1073,185
1073,200
1073,272
1074,83
1074,366
1075,3
1075,234
1076,126
1076,386
1077,99
1077,143
1077,330
1078,214
1078,220
1079,110
1079,192
1079,250
1079,382
1080,39
1080,322
1081,265
1081,296
1081,370
1082,168
1082,240
1083,7
1083,225
1083,307
1084,243
1084,359
1084,387
1085,40
1086,210
1086,384
1087,21
1087,112
1088,40
1088,165
1088,207
1090,108
1090,138
1090,387
1091,161
1091,271
1092,86
1092,287
1093,167
1093,249
1093,282
1094,78
1094,84
1095,37
1095,39
1095,48
1095,254
1096,157
1096,191
1096,265
1097,4
1097,130
1097,196
1098,80
1098,94
1098,227
1098,256
1099,183
1099,321
1100,84
1100,106
1100,248
1101,52
1101,58
1101,104
1101,360
1102,161
1102,272
1102,274
1103,278
1103,384
1104,132
1104,249
1105,233
1105,363
1106,143
1106,361
1107,113
1107,299
1108,162
1108,361
1109,114
1109,141
1110,16
1110,180
1110,230
1110,328
1111,289
1111,318
1112,39
1112,224
1112,296
1112,320
1113,55
1113,103
1113,232
1113,233
1115,47
1115,175
1115,333
1116,153
1116,310
1117,176
1117,236
1118,108
1118,155
1118,172
1119,88
1120,330
1120,387
1121,30
1121,269
1122,112
1122,384
1123,334
1123,335
1124,36
1125,48
1125,154
1125,225
1125,303
1126,197
1126,312
1126,393
1127,31
1127,208
1127,323
1128,50
1128,107
1128,212
1128,275
1129,41
1129,231
1129,268
1129,353
1130,139
1130,145
1130,212
1131,230
1131,311
1132,106
1132,148
1132,195
1133,54
1133,216
1134,21
1134,355
1135,48
1135,97
1135,180
1135,231
1136,8
1136,328
1137,74
1137,364
1138,48
1138,65
1138,225
1139,226
1139,268
1140,174
1140,249
1140,295
1140,376
1141,91
1141,115
1141,233
1141,285
1142,16
1142,20
1142,199
1143,36
1143,143
1143,359
1144,43
1144,148
1145,185
1145,252
1146,277
1146,339
1147,171
1147,372
1148,87
1148,94
1148,142
1148,230
1149,39
1149,296
1150,21
1150,224
1150,267
1151,96
1151,114
1151,371
1151,397
1152,272
1153,112
1153,176
1153,191
1153,278
1155,132
1155,170
1155,172
1156,18
1156,70
1156,81
1156,367
1157,139
1157,211
1157,297
1158,14
1158,323
1159,15
1159,216
1160,72
1160,294
1161,5
1161,56
1161,195
1162,57
1162,227
1163,325
1163,327
1164,130
1164,325
1165,115
1165,234
1166,197
1167,41
1167,94
1168,105
1168,214
1168,222
1169,316
1169,329
1170,88
1170,164
1170,241
1171,4
1171,263
1172,18
1172,143
1172,313
1172,349
1173,139
1173,144
1173,342
1174,15
1174,395
1175,195
1175,299
1175,399
1176,204
1176,374
1177,141
1177,316
1177,339
1177,371
1178,91
1178,189
1178,253
1178,359
1179,88
1179,209
1179,216
1179,327
1180,36
1180,77
1180,271
1181,117
1181,226
1182,69
1182,171
1183,32
1183,59
1183,64
1184,146
1184,225
1184,279
1184,321
1185,194
1185,198
1185,296
1186,77
1186,125
1186,131
1186,304
1187,24
1187,211
1188,293
1188,323
1188,363
1189,163
1189,298
1190,179
1190,201
1191,141
1191,304
1192,30
1192,178
1192,303
1192,319
1193,81
1193,243
1193,359
1194,85
1195,105
1195,238
1196,211
1196,369
1197,28
1197,213
1197,261
1197,313
1198,74
1198,157
1198,253
1199,27
1199,205
1200,6
1200,95
1200,201
1201,45
1201,145
1201,171
1202,98
1202,265
1202,392
1203,221
1203,228
1203,261
1203,298
1204,117
1204,316
1204,328
1204,343
1205,21
1205,282
1206,84
1206,104
1206,229
1206,248
1207,12
1207,161
1207,290
1208,32
1208,192
1209,80
1209,99
1210,115
1210,210
1210,278
1211,330
1211,380
1212,108
1212,271
1212,329
1213,83
1213,108
1213,387
1214,132
1215,295
1215,376
1216,45
1216,255
1216,303
1216,342
1217,194
1217,255
1217,330
1218,251
1219,126
1219,205
1219,351
1219,383
1220,254
1220,261
1220,369
1221,48
1221,49
1221,281
1222,107
1222,153
1222,217
1223,108
1223,317
1224,109
1224,398
1225,228
1225,345
1226,126
1227,127
1227,174
1227,260
1229,207
1229,284
1230,165
1230,207
1230,298
1231,39
1232,56
1232,312
1232,394
1233,72
1233,174
1233,181
1233,351
1234,393
1235,14
1235,130
1236,206
1236,367
1237,86
1237,89
1237,107
1238,131
1238,165
1239,46
1240,48
1240,317
1241,112
1241,284
1242,49
1242,63
1243,13
1243,82
1243,324
1243,385
1244,103
1244,205
1246,22
1246,145
1246,211
1247,148
1247,257
1248,171
1248,217
1248,255
1248,368
1249,71
1249,147
1249,243
1249,364
1250,55
1250,157
1251,33
1251,64
1251,388
1252,202
1253,112
1253,157
1253,345
1254,46
1254,185
1254,259
1254,386
1255,108
1255,348
1256,115
1256,306
1257,163
1257,257
1257,298
1258,278
1258,290
1258,386
1259,41
1259,231
1259,281
1259,353
1260,149
1260,313
1261,83
1261,314
1261,397
1262,32
1262,250
1262,395
1263,176
1263,264
1264,213
1265,21
1265,392
1266,121
1266,295
1267,30
1267,296
1268,153
1268,275
1269,66
1269,193
1269,325
1270,84
1270,217
1270,313
1271,176
1271,282
1272,120
1272,161
1272,185
1273,72
1273,134
1273,138
1274,76
1274,187
1274,257
1275,19
1275,174
1275,333
1276,21
1276,314
1277,373
1278,116
1278,342
1279,266
1280,13
1280,15
1280,262
1281,114
1281,150
1281,336
1281,371
1282,40
1282,110
1282,178
1283,94
1283,226
1283,233
1283,340
1284,179
1284,183
1284,248
1285,340
1286,228
1287,84
1287,229
1287,309
1287,369
1288,137
1288,298
1289,64
1289,192
1290,0
1290,393
1291,34
1291,270
1291,377
1292,133
1292,157
1292,233
1292,329
1293,116
1293,217
1294,48
1294,191
1294,234
1294,353
1295,13
1295,69
1296,95
1296,174
1296,249
1297,18
1297,313
1298,218
1298,265
1299,167
1299,174
1299,391
1300,20
1300,367
1300,387
1301,342
1302,30
1302,116
1302,144
1302,258
1303,180
1303,218
1303,259
1304,336
1304,366
1305,35
1306,117
1306,201
1307,4
1307,115
1307,323
1307,381
1308,28
1308,306
1309,128
1310,135
1310,168
1310,185
1311,35
1311,255
1312,84
1312,149
1312,183
1312,221
1313,282
1313,384
1314,99
1315,44
1315,252
1316,42
1316,148
1316,156
1316,163
1317,324
1317,381
1317,388
1318,16
1318,191
1318,358
1319,11
1319,124
1319,321
1319,325
1320,253
1321,90
1321,94
1321,231
1321,279
1322,216
1322,354
1323,214
1323,386
1324,3
1324,396
1325,1
1325,255
1325,319
1325,342
1326,70
1326,122
1326,158
1326,374
1327,145
1328,211
1328,229
1328,248
1328,345
1329,168
1329,238
1330,37
1330,40
1330,42
1330,158
1331,266
1331,378
1332,311
1332,337
1332,366
1333,38
1333,219
1333,295
1333,329
1334,43
1334,327
1335,40
1335,212
1335,396
1336,56
1336,126
1336,168
1336,274
1337,28
1337,145
1337,313
1338,59
1338,216
1338,346
1339,99
1339,102
1339,127
1339,243
1340,157
1340,232
1340,233
1341,260
1341,365
1342,86
1342,258
1342,342
1343,119
1343,304
1344,7
1344,73
1344,138
1344,188
1345,41
1345,99
1346,69
1346,288
1347,285
1347,355
1347,372
1348,1
1348,65
1348,158
1348,268
1349,143
1349,189
1350,46
1350,87
1350,200
1351,96
1351,273
1352,43
1352,88
1352,368
1352,395
1353,273
1353,336
1353,341
1354,179
1354,251
1354,387
1355,54
1355,130
1355,193
1355,327
1356,9
1356,231
1357,283
1357,330
1357,377
1358,131
1358,148
1358,242
1358,396
1359,62
1359,71
1359,320
1360,85
1360,150
1360,339
1360,371
1361,57
1361,83
1362,55
1362,95
1362,234
1363,173
1363,186
1363,288
1364,51
1364,373
1365,198
1365,314
1365,382
1366,0
1366,207
1366,286
1366,392
1367,211
1367,229
1367,342
1368,75
1368,85
1368,96
1368,277
1369,2
1369,142
1370,185
1370,205
1370,386
1371,7
1371,323
1371,359
1371,380
1372,0
1372,228
1372,264
1372,329
1373,253
1373,380
1374,62
1374,304
1374,378
1375,145
1375,215
1375,245
1375,248
1376,81
1376,367
1376,397
1377,18
1377,106
1377,221
1377,261
1378,80
1378,311
1378,321
1379,286
1379,314
1380,85
1380,119
1381,48
1381,281
1381,374
1382,14
1382,54
1382,276
1383,47
1383,172
1383,215
1383,365
1384,133
1384,254
1384,315
1385,56
1385,267
1385,299
1386,319
1386,337
1387,91
1387,233
1387,384
1387,392
1388,143
1388,395
1389,180
1389,267
1389,281
1390,180
1390,259
1390,274
1390,351
1391,205
1391,351
1391,386
1392,166
1392,310
1393,96
1393,101
1393,260
1393,273
1394,142
1394,234
1394,256
1394,362
1395,77
1395,161
1395,200
1395,238
1396,396
1397,36
1397,351
1398,68
1398,100
1398,341
1398,371
1399,63
1399,137
1399,248
1399,369
1400,237
1401,17
1401,72
1401,121
1401,128
1402,82
1402,385
1403,160
1403,173
1404,61
1404,128
1404,177
1405,229
1405,360
1406,160
1406,163
1406,164
1407,106
1408,56
1408,105
1408,259
1409,56
1409,135
1410,88
1410,388
1411,85
1411,127
1411,277
1411,366
1412,328
1412,334
1413,44
1413,371
1414,110
1414,153
1414,305
1415,37
1415,51
1416,52
1416,94
1417,114
1417,180
1417,239
1417,240
1418,96
1418,114
1419,80
1419,317
1419,330
1420,88
1420,186
1420,196
1421,83
1421,270
1421,273
1421,341
1422,312
1422,383
1423,32
1423,43
1423,54
1423,324
1424,28
1424,172
1424,183
1424,306
1425,37
1425,284
1426,135
1426,214
1427,18
1427,147
1427,330
1428,173
1428,384
1428,385
1429,113
1429,299
1429,373
1430,336
1430,371
1431,270
1431,292
1432,337
1432,339
1433,23
1433,104
1433,349
1434,273
1435,207
1435,298
1435,396
1436,56
1436,168
1436,188
1436,197
1437,216
1437,263
1438,3
1438,176
1438,286
1439,32
1439,54
1439,209
1440,264
1440,282
1441,191
1441,282
1442,11
1442,204
1443,49
1444,69
1444,327
1445,202
1446,10
1446,325
1447,30
1447,111
1447,116
1447,152
1448,137
1448,298
1448,381
1449,13
1449,32
1449,223
1450,64
1450,88
1451,37
1451,119
1451,343
1452,119
1452,195
1452,373
1453,36
1453,136
1453,394
1454,105
1454,222
1454,312
1455,202
1456,150
1456,398
1457,73
1457,102
1457,143
1457,377
1458,125
1459,181
1459,357
1460,79
1460,149
1460,360
1461,157
1461,176
1461,198
1461,314
1462,49
1462,279
1462,311
1463,203
1463,225
1463,244
1464,190
1464,258
1465,225
1465,230
1466,105
1466,161
1466,240
1466,274
1467,330
1467,387
1468,57
1468,116
1468,352
1469,189
1469,243
1470,108
1470,348
1471,282
1471,390
1472,96
1472,247
1473,4
1473,16
1473,87
1473,231
1474,167
1474,177
1474,282
1475,10
1475,244
1475,268
1476,5
1476,42
1476,43
1476,113
1477,47
1477,91
1477,210
1477,278
1478,124
1478,232
1478,234
1478,355
1479,177
1479,244
1479,264
1480,19
1480,327
1480,379
1481,86
1481,342
1482,268
1482,392
1483,323
1485,336
1485,380
1486,36
1486,126
1486,259
1487,226
1487,264
1487,286
1488,64
1488,160
1488,173
1489,79
1489,349
1490,95
1490,201
1491,163
1491,242
1492,98
1492,176
1493,91
1493,115
1493,282
1494,61
1494,178
1495,115
1495,282
1495,355
1495,384
1496,51
1498,137
1498,183
1498,331
1498,369
1499,18
1499,133
1500,60
1500,202
1500,286
1500,314
1501,93
1502,41
1502,71
1503,157
1503,317
1503,352
1503,361
1504,192
1504,193
1505,113
1505,131
1505,207
1505,235
1506,96
1506,343
1507,214
1507,274
1507,351
1508,1
1508,30
1508,153
1509,21
1509,42
1509,195
1509,378
1510,117
1510,172
1510,295
1510,357
1511,35
1511,135
1512,76
1512,279
1512,344
1512,374
1513,137
1513,336
1514,80
1514,393
1515,249
1515,375
1516,19
1516,155
1517,292
1517,339
1517,365
1517,398
1518,19
1518,72
1518,132
1518,249
1519,396
1520,4
1520,6
1520,31
1520,280
1521,339
1521,359
1521,377
1522,109
1522,128
1522,189
1522,196
1523,29
1523,300
1523,336
1524,33
1524,43
1524,280
1525,380
1526,20
1526,127
1526,377
1527,4
1527,54
1527,325
1528,112
1528,115
1529,32
1529,82
1529,277
1530,50
1530,288
1531,67
1532,9
1532,367
1533,26
1533,216
1533,368
1534,163
1534,209
1534,235
1535,163
1535,346
1535,395
1536,151
1536,313
1536,360
1536,389
1537,32
1537,159
1537,363
1538,330
1539,55
1539,228
1540,196
1540,280
1541,15
1541,166
1541,223
1542,367
1543,105
1543,200
1543,271
1544,35
1544,77
1544,87
1545,2
1545,122
1545,129
1545,267
1546,24
1546,168
1546,238
1547,244
1547,353
1548,102
1548,109
1548,188
1548,320
1549,128
1549,219
1550,18
1550,36
1550,297
1551,176
1551,232
1551,234
1552,9
1552,81
1552,189
1552,379
1553,5
1553,21
1553,165
1554,233
1554,236
1555,19
1555,179
1555,259
1555,353
1556,35
1556,135
1557,6
1557,181
1557,338
1558,247
1558,250
1558,324
1558,346
1559,165
1561,140
1561,296
1561,305
1562,131
1562,156
1563,141
1563,252
1563,273
1564,28
1564,57
1565,47
1565,128
1565,181
1566,171
1566,255
1567,102
1568,26
1568,223
1568,262
1569,192
1569,216
1569,263
1570,98
1570,176
1571,86
1571,303
1571,370
1572,2
1572,341
1573,109
1573,297
1574,30
1574,140
1574,275
1575,222
1576,24
1577,329
1577,375
1578,15
1578,159
1578,166
1579,79
1579,360
1580,48
1580,90
1580,281
1581,141
1581,260
1581,273
1581,366
1582,117
1582,155
1582,248
1582,249
1583,48
1583,76
1583,80
1583,124
1584,44
1584,57
1584,122
1585,178
1585,296
1586,197
1586,238
1587,104
1587,221
1587,261
1588,74
1588,147
1589,20
1589,74
1589,377
1589,378
1590,157
1590,282
1590,373
1591,153
1591,269
1591,305
1592,170
1592,181
1592,357
1592,375
1593,201
1593,215
1593,326
1594,44
1595,60
1595,117
1595,302
1596,39
1596,255
1597,41
1597,344
1598,136
1598,259
1598,290
1599,144
1599,269
1599,305
1599,342
1600,163
1600,284
1600,373
1601,54
1601,82
1602,155
1602,343
1603,81
1603,91
1603,307
1604,35
1604,200
1605,16
1605,279
1605,301
1606,172
1606,343
1607,46
1607,185
1607,318
1608,10
1608,65
1608,129
1608,225
1609,72
1609,206
1610,130
1610,166
1610,210
1610,250
1611,4
1611,54
1611,66
1611,159
1612,134
1612,246
1612,249
1612,326
1613,144
1613,370
1614,34
1614,44
1615,109
1615,182
1615,397
1616,240
1616,371
1617,163
1617,165
1617,267
1618,165
1618,373
1619,127
1619,366
1619,397
1620,107
1620,224
1620,396
1621,184
1621,195
1622,49
1622,177
1622,181
1622,316
1623,104
1623,139
1624,111
1624,217
1624,342
1625,29
1625,134
1625,167
1626,56
1626,77
1626,312
1627,4
1627,33
1627,263
1628,195
1628,304
1629,83
1629,341
1629,371
1630,4
1630,281
1630,347
1630,374
1631,19
1631,117
1631,186
1632,196
1632,250
1632,388
1633,104
1633,245
1633,309
1633,349
1634,137
1634,245
1635,106
1635,336
1636,42
1636,131
1636,185
1637,94
1637,204
1637,279
1638,4
1638,173
1638,354
1640,129
1640,362
1641,25
1641,49
1641,227
1641,230
1642,253
1642,318
1643,16
1643,379
1644,45
1644,86
1644,342
1645,77
1645,271
1646,108
1646,321
1647,170
1647,328
1648,234
1648,264
1649,7
1649,16
1649,206
1649,380
1650,195
1650,237
1651,85
1651,127
1651,150
1651,366
1652,86
1652,140
1653,59
1653,130
1654,142
1654,191
1655,79
1655,123
1656,143
1656,196
1657,91
1657,265
1658,94
1658,289
1659,144
1659,206
1660,299
1660,396
1661,44
1661,399
1662,71
1662,147
1663,22
1663,106
1663,313
1664,255
1664,359
1665,4
1665,193
1666,302
1666,326
1667,27
1667,136
1667,272
1667,293
1668,89
1668,146
1668,258
1668,275
1669,74
1669,109
1670,20
1670,67
1670,73
1671,121
1671,174
1671,219
1671,295
1672,302
1672,316
1672,329
1673,132
1673,170
1673,215
1674,322
1674,361
1675,210
1675,385
1676,87
1676,129
1677,77
1677,113
1677,131
1677,298
1678,221
1679,64
1679,193
1679,346
1680,110
1680,346
1681,19
1681,38
1681,357
1682,132
1682,215
1682,246
1682,379
1683,18
1683,243
1683,364
1684,131
1684,384
1685,46
1685,180
1685,274
1686,116
1686,210
1686,385
1687,237
1688,100
1689,144
1689,153
1690,38
1690,117
1690,350
1691,159
1691,186
1691,354
1692,179
1692,343
1692,379
1692,391
1693,186
1693,215
1694,65
1694,115
1695,96
1695,339
1696,39
1696,319
1697,293
1697,325
1697,346
1698,91
1698,115
1699,217
1699,248
1700,16
1700,41
1700,97
1700,129
1701,156
1701,267
1702,34
1702,114
1703,197
1703,200
1704,43
1704,363
1704,382
1705,2
1705,8
1705,41
1705,284
1706,68
1706,137
1706,230
1707,30
1707,255
1708,51
1708,378
1709,15
1709,323
1709,327
1709,363
1710,126
1710,240
1710,290
1711,77
1711,168
1711,290
1712,37
1712,40
1713,69
1713,186
1714,106
1714,211
1714,361
1715,56
1715,187
1715,399
1716,86
1716,296
1717,119
1718,61
1718,178
1718,326
1719,273
1719,337
1720,35
1720,36
1720,161
1720,180
1721,234
1721,286
1721,291
1721,340
1722,87
1722,203
1722,362
1723,61
1723,110
1724,78
1724,121
1726,273
1727,37
1727,113
1727,267
1727,304
1728,1
1728,171
1729,8
1729,70
1730,145
1730,146
1731,91
1731,115
1731,384
1732,377
1733,164
1733,217
1733,248
1734,37
1734,93
1735,100
1735,260
1735,270
1735,316
1736,93
1736,266
1737,204
1737,270
1738,232
1738,265
1739,67
1739,84
1739,139
1740,226
1740,272
1740,351
1741,163
1741,229
1741,298
1741,304
1742,76
1742,124
1743,309
1743,349
1744,9
1744,180
1745,242
1745,339
1746,12
1747,210
1747,285
1748,161
1748,214
1748,252
1749,141
1749,336
1750,205
1750,259
1751,229
1751,360
1751,361
1752,2
1752,118
1752,362
1753,36
1753,196
1753,206
1753,398
1754,91
1754,184
1754,364
1755,42
1755,119
1755,298
1756,231
1756,256
1757,298
1758,69
1758,171
1758,322
1758,326
1759,72
1760,68
1760,139
1760,261
1760,275
1761,135
1761,290
1762,12
1762,56
1762,185
1762,271
1763,33
1763,82
1763,368
1764,204
1764,225
1764,230
1764,374
1765,181
1766,116
1766,140
1766,153
1766,217
1767,58
1767,119
1768,165
1769,49
1769,87
1770,179
1771,281
1771,318
1771,344
1772,84
1772,104
1772,211
1773,103
1773,210
1773,234
1773,355
1774,225
1774,230
1774,325
1775,47
1775,117
1775,246
1775,333
1777,3
1777,91
1778,32
1778,85
1778,114
1778,365
1779,143
1779,189
1780,68
1780,247
1780,341
1782,10
1782,301
1782,344
1782,362
1783,96
1783,114
1784,11
1784,76
1784,230
1784,268
1785,9
1785,378
1787,62
1787,207
1788,104
1788,137
1788,254
1789,46
1789,120
1790,16
1790,65
1790,92
1791,172
1791,390
1791,391
1792,26
1792,186
1792,193
1793,30
1793,383
1794,104
1794,137
1794,213
1795,86
1795,116
1795,153
1795,372
1796,109
1796,199
1796,243
1797,7
1797,9
1798,137
1798,145
1798,261
1798,335
1799,80
1799,97
1799,148
1799,305
1800,110
1800,194
1800,275
1801,134
1801,170
1801,316
1801,329
1803,214
1804,69
1804,192
1804,327
1805,68
1805,339
1805,397
1806,92
1806,390
1807,64
1807,155
1807,357
1808,193
1808,263
1808,388
1809,178
1809,205
1809,222
1809,318
1810,80
1810,230
1811,354
1811,382
1812,15
1812,160
1812,216
1813,27
1813,185
1813,238
1813,240
1814,197
1814,395
1815,287
1815,342
1816,219
1817,298
1817,304
1818,5
1818,59
1818,325
1819,52
1819,142
1819,358
1820,225
1820,281
1820,344
1821,28
1821,53
1822,74
1823,48
1823,230
1824,92
1824,128
1824,316
1824,391
1825,42
1825,112
1825,267
1826,302
1826,326
1826,343
1826,375
1827,48
1827,125
1827,207
1827,257
1828,76
1828,94
1828,142
1829,45
1829,305
1829,389
1830,27
1830,120
1831,302
1831,333
1832,21
1832,278
1834,305
1834,319
1835,247
1835,397
1836,74
1836,127
1837,341
1838,93
1838,113
1838,304
1839,95
1839,350
1840,172
1841,99
1841,367
1842,178
1842,203
1842,212
1843,26
1843,31
1844,7
1844,196
1845,153
1845,169
1845,342
1846,49
1846,76
1846,304
1847,105
1847,200
1847,351
1848,133
1848,191
1848,232
1849,335
1849,369
1850,11
1850,321
1851,27
1851,135
1852,174
1852,350
1853,243
1853,364
1854,4
1854,64
1854,160
1855,282
1855,345
1856,89
1856,194
1856,342
1857,35
1857,218
1857,271
1857,278
1858,315
1858,389
1859,187
1859,242
1860,181
1860,245
1860,246
1860,343
1861,56
1861,103
1862,95
1862,326
1862,338
1863,133
1863,139
1863,261
1863,349
1864,0
1864,50
1864,268
1864,286
1865,67
1865,104
1865,137
1866,107
1866,178
1866,322
1866,372
1867,212
1867,224
1867,269
1868,247
1868,336
1869,164
1869,248
1869,261
1870,334
1871,191
1871,314
1872,55
1872,91
1872,355
1873,2
1873,123
1874,153
1874,169
1874,269
1875,212
1875,258
1875,296
1876,174
1876,219
1877,45
1877,303
1877,372
1878,168
1878,240
1878,394
1879,11
1879,82
1879,227
1879,246
1880,226
1880,240
1881,350
1881,357
1882,129
1882,142
1882,204
1882,281
1883,178
1883,214
1884,153
1884,342
1885,221
1885,371
1886,2
1886,96
1886,227
1886,398
1887,25
1887,227
1887,374
1888,30
1888,171
1888,255
1888,269
1889,19
1889,332
1889,338
1889,357
1890,18
1890,143
1890,359
1891,330
1891,397
1892,351
1893,12
1893,135
1893,351
1894,7
1894,239
1895,116
1895,169
1895,255
1895,269
1896,34
1896,141
1896,150
1896,336
1897,139
1897,149
1897,213
1898,24
1898,106
1898,183
1898,346
1899,339
1899,371
1900,12
1900,120
1900,168
1900,271
1901,105
1901,266
1901,386
1902,7
1902,102
1902,380
1903,44
1903,300
1904,312
1904,351
1904,383
1905,35
1905,238
1906,33
1906,130
1906,385
1907,101
1907,215
1907,295
1907,333
1908,232
1908,291
1909,44
1910,40
1910,62
1911,159
1911,173
1911,310
1912,140
1912,269
1912,296
1913,36
1913,136
1914,119
1914,396
1915,247
1915,292
1916,23
1917,265
1918,20
1918,377
1919,201
1920,247
1920,273
1921,96
1921,100
1921,292
1922,2
1922,204
1922,289
1923,9
1923,377
1924,349
1925,42
1925,62
1926,311
1926,341
1927,337
1927,365
1928,66
1928,91
1928,226
1928,285
1929,15
1929,193
1929,291
1929,346
1930,120
1930,180
1930,205
1930,274
1931,44
1931,114
1932,79
1932,162
1933,36
1933,274
1934,162
1934,261
1935,278
1937,98
1938,68
1938,337
1939,242
1939,257
1940,36
1940,109
1940,147
1940,380
1941,344
1941,347
1941,358
1942,173
1942,346
1943,210
1944,61
1944,212
1944,303
1944,322
1945,298
1945,396
1946,2
1948,43
1948,131
1948,299
1949,258
1949,286
1949,296
1950,71
1950,109
1951,112
1951,136
1952,79
1952,123
1953,214
1953,239
1953,252
1954,6
1954,170
1955,59
1955,115
1955,147
1955,160
1956,88
1956,260
1956,292
1956,371
1957,83
1957,308
1958,6
1958,117
1959,117
1959,302
1959,357
1960,231
1960,321
1961,172
1961,175
1961,332
1962,112
1962,163
1962,242
1963,100
1963,270
1964,180
1964,218
1964,240
1965,29
1966,243
1966,348
1967,47
1967,170
1967,338
1968,224
1969,12
1969,254
1970,93
1970,112
1970,195
1970,267
1971,42
1971,106
1972,109
1972,206
1972,237
1972,320
1973,100
1973,114
1973,260
1974,225
1974,230
1975,160
1975,381
1976,86
1976,144
1976,146
1976,305
1977,30
1977,305
1978,53
1978,137
1978,211
1978,360
1979,56
1979,166
1980,176
1980,202
1980,314
1981,126
1981,185
1981,271
1981,274
1982,129
1982,268
1983,36
1983,136
1984,26
1984,31
1984,33
1984,327
1986,228
1986,285
1987,67
1987,183
1987,261
1988,145
1988,254
1988,296
1988,315
1989,219
1989,267
1989,284
1990,153
1990,178
1991,68
1991,313
1992,49
1992,122
1992,281
1992,347
1993,6
1993,72
1993,215
1993,295
1994,273
1995,96
1995,341
1995,397
1996,67
1996,297
1997,97
1997,142
1997,358
1998,258
1998,379
1998,391
1999,235
1999,242
2000,275
2000,368
2001,41
2001,63
2001,274
2002,11
2002,144
2003,172
2003,376
2004,55
2004,91
2004,286
2005,139
2005,229
2006,147
2006,243
2006,348
2007,41
2007,94
2007,289
2007,311
2008,207
2008,257
2008,284
2009,2
2009,11
2009,129
2009,142
2010,253
2010,367
2010,387
2011,9
2011,134
2011,238
2011,378
2012,351
2012,386
2013,153
2013,186
2014,359
2015,293
2015,382
2016,119
2016,343
2017,177
2017,316
2017,350
2018,121
2018,181
2018,353
2019,143
2019,243
2020,285
2020,314
2021,32
2021,323
2022,89
2022,217
2022,320
2022,342
2023,60
2023,282
2024,279
2024,334
2024,337
2025,289
2025,311
2025,362
2026,193
2026,346
2026,385
2027,361
2028,397
2029,91
2029,257
2029,264
2030,55
2031,246
2031,295
2032,270
2032,334
2032,336
2032,371
2033,27
2033,180
2033,259
2034,21
2034,228
2034,282
2034,340
2035,129
2035,253
2035,268
2035,358
2036,194
2036,224
2036,287
2037,26
2037,54
2037,59
2037,280
2038,131
2038,156
2038,165
2039,358
2039,381
2039,385
2040,168
2041,230
2041,268
2041,301
2041,374
2042,239
2042,271
2042,272
2043,365
2044,117
2045,119
2045,148
2045,184
2045,235
2046,273
2047,248
2047,313
2048,119
2049,39
2049,212
2050,46
2050,242
2050,351
2051,308
2051,365
2052,324
2052,382
2053,38
2053,211
2053,302
2053,390
2054,195
2054,242
2054,284
2055,214
2055,299
2056,17
2056,175
2056,282
2057,294
2057,311
2057,358
2058,195
2059,172
2059,387
2060,9
2060,189
2060,195
2060,377
2061,93
2061,163
2062,323
2062,388
2063,32
2063,324
2064,119
2064,165
2065,135
2065,214
2065,371
2066,249
2067,170
2067,376
2068,139
2068,153
2068,255
2069,69
2069,110
2069,212
2069,370
2070,334
2070,337
2071,156
2072,100
2072,292
2072,341
2072,344
2073,270
2073,292
2073,341
2074,139
2074,275
2075,106
2075,395
2076,177
2077,135
2077,271
2078,30
2078,77
2078,226
2078,312
2079,138
2079,359
2080,179
2080,261
2080,309
2081,65
2081,256
2082,55
2082,165
2082,228
2082,314
2083,163
2083,362
2084,13
2084,130
2084,153
2084,262
2085,4
2085,129
2085,199
2085,230
2086,35
2086,120
2086,185
2086,318
2087,251
2087,357
2088,395
2089,42
2089,373
2090,7
2091,18
2091,145
2091,306
2092,35
2092,77
2092,135
2092,180
2093,174
2093,295
2093,343
2094,245
2094,313
2095,200
2095,266
2096,184
2096,283
2096,307
2096,377
2097,164
2097,221
2098,248
2098,361
2099,21
2099,268
2100,24
2100,56
2100,242
2100,264
2101,39
2101,42
2102,253
2103,291
2103,340
2103,375
2104,31
2104,342
2105,226
2105,286
2106,269
2107,205
2107,214
2107,386
2108,150
2108,283
2109,144
2109,169
2110,132
2110,201
2111,60
2111,282
2111,338
2111,379
2112,6
2112,302
2113,173
2113,310
2114,276
2114,371
2115,80
2115,358
2116,112
2116,285
2117,141
2117,292
2117,341
2118,81
2118,330
2118,347
2118,379
2119,270
2119,276
2119,371
2120,53
2120,164
2121,1
2121,61
2121,116
2121,258
2122,68
2122,247
2122,337
2122,366
2123,397
2124,141
2124,337
2124,339
2124,371
2125,44
2125,127
2125,247
2125,365
2126,115
2126,130
2126,223
2127,102
2128,13
2128,64
2128,159
2128,192
2129,237
2129,284
2129,378
2130,12
2130,168
2130,290
2130,386
2131,176
2131,340
2132,183
2132,236
2132,261
2132,335
2133,387
2134,20
2134,143
2134,364
2136,26
2136,381
2137,271
2137,365
2138,50
2139,111
2139,178
2139,194
2139,286
2140,233
2140,314
2141,141
2141,336
2142,15
2142,298
2143,18
2143,106
2143,254
2143,309
2144,117
2144,326
2145,213
2145,254
2146,75
2146,96
2147,135
2148,47
2148,155
2149,143
2149,238
2150,273
2151,144
2151,379
2152,110
2152,217
2152,319
2153,84
2153,349
2154,149
2154,213
2155,304
2156,68
2156,83
2156,250
2156,273
2157,67
2157,151
2157,221
2158,83
2158,260
2158,314
2159,196
2159,388
2160,107
2160,218
2160,286
2160,296
2161,197
2161,324
2161,325
2161,354
2162,35
2162,178
2163,234
2163,314
2164,380
2164,397
2165,85
2165,96
2165,336
2166,26
2167,117
2167,202
2167,210
2167,264
2168,273
2168,300
2169,53
2169,254
2170,70
2170,76
2170,279
2171,23
2171,164
2171,335
2172,320
2172,387
2173,1
2173,190
2173,389
2174,92
2175,86
2175,192
2175,224
2176,22
2176,78
2176,170
2176,338
2177,126
2177,196
2178,339
2178,396
2179,158
2179,321
2179,374
2180,243
2180,377
2181,40
2181,184
2181,299
2182,60
2182,286
2182,314
2182,385
2183,23
2183,306
2183,335
2184,399
2185,18
2185,183
2185,211
2185,360
2186,205
2186,222
2186,240
2187,263
2187,325
2188,69
2188,82
2188,166
2188,325
2189,113
2189,298
2189,299
2190,19
2190,121
2190,302
2190,350
2191,74
2191,147
2192,183
2192,346
2193,18
2193,84
2193,211
2193,360
2194,57
2194,292
2195,132
2195,301
2196,85
2196,273
2196,292
2197,78
2197,117
2197,333
2198,30
2198,168
2198,178
2199,236
2199,278
2200,17
2200,172
2200,248
2200,309
2201,192
2201,363
2201,388
2202,65
2202,70
2202,231
2203,309
2203,315
2204,18
2204,221
2205,358
2206,143
2206,369
2207,161
2207,185
2208,32
2208,130
2208,175
2208,216
2209,120
2209,188
2209,205
2209,239
2210,157
2210,308
2211,115
2211,286
2212,240
2212,279
2212,289
2212,358
2213,148
2213,152
2214,72
2214,332
2214,357
2215,113
2215,273
2215,378
2216,135
2216,197
2216,240
2217,181
2217,215
2217,391
2218,48
2218,230
2218,358
2219,363
2219,381
2220,36
2220,168
2220,240
2221,80
2221,94
2221,386
2222,86
2222,144
2223,276
2223,300
2224,6
2224,13
2224,26
2224,208
2225,279
2225,339
2226,67
2226,354
2227,177
2227,268
2228,62
2229,39
2229,284
2230,153
2230,194
2231,12
2231,222
2232,100
2232,366
2233,46
2233,290
2234,87
2234,256
2234,268
2234,391
2235,7
2235,81
2235,184
2236,119
2236,235
2236,298
2237,191
2237,236
2237,352
2238,192
2238,216
2238,223
2239,54
2239,223
2240,164
2240,389
2241,46
2241,166
2242,10
2242,49
2242,124
2242,142
2243,9
2243,108
2243,195
2244,121
2244,181
2244,329
2244,333
2245,55
2245,177
2245,278
2246,181
2246,326
2246,357
2247,235
2247,273
2248,178
2248,255
2248,305
2249,2
2249,154
2249,244
2250,13
2250,163
2250,395
2251,230
2252,219
2253,67
2253,84
2254,32
2254,151
2254,277
2254,334
2255,182
2255,311
2256,172
2256,211
2256,351
2257,325
2257,346
2258,184
2258,377
2259,169
2259,171
2260,76
2260,87
2260,358
2261,337
2261,366
2261,371
2261,399
2263,7
2263,144
2264,128
2264,186
2265,13
2265,69
2266,1
2266,326
2267,95
2267,333
2267,343
2268,172
2268,249
2268,333
2269,126
2269,185
2269,218
2270,18
2270,28
2271,26
2272,341
2273,264
2273,314
2274,230
2274,318
2274,344
2275,283
2275,377
2275,378
2276,15
2276,43
2276,263
2276,381
2277,197
2277,218
2277,222
2278,275
2278,368
2279,150
2279,206
2279,330
2280,71
2280,200
2280,271
2281,130
2281,173
2282,193
2282,250
2282,310
2282,388
2283,12
2283,24
2284,44
2284,270
2285,238
2285,240
2286,19
2286,172
2286,357
2287,2
2287,135
2287,154
2287,294
2288,19
2288,101
2288,174
2288,179
2289,232
2289,314
2289,340
2289,392
2290,23
2290,79
2290,84
2291,25
2291,48
2291,181
2291,344
2292,73
2292,147
2292,307
2292,367
2293,140
2293,255
2294,27
2294,46
2295,335
2295,360
2295,389
2296,74
2296,320
2297,91
2297,384
2298,12
2298,35
2298,135
2299,202
2299,236
2300,55
2300,60
2300,234
2301,73
2301,81
2301,320
2302,92
2302,181
2302,391
2303,21
2303,117
2303,355
2303,392
2304,188
2304,274
2304,386
2305,93
2305,185
2305,298
2307,30
2307,169
2307,305
2307,342
2308,74
2308,226
2308,234
2308,286
2309,273
2309,397
2310,107
2310,178
2310,217
2310,303
2311,58
2311,162
2312,86
2312,142
2313,105
2313,266
2313,290
2313,386
2314,40
2314,207
2314,242
2314,266
2315,178
2315,368
2316,148
2316,304
2317,94
2317,124
2317,294
2317,303
2318,61
2318,305
2318,337
2319,249
2319,359
2320,264
2320,291
2321,170
2321,258
2322,59
2322,292
2322,337
2323,84
2323,221
2324,96
2324,336
2325,71
2325,352
2326,114
2326,339
2327,114
2327,366
2327,399
2328,167
2328,174
2329,284
2329,298
2330,171
2330,212
2330,305
2331,57
2331,114
2331,273
2331,336
2332,163
2332,185
2332,242
2332,304
2333,145
2333,217
2334,119
2334,284
2335,123
2335,139
2335,342
2336,106
2337,280
2338,40
2338,113
2338,396
2339,354
2340,16
2340,301
2341,138
2341,143
2342,8
2342,286
2343,96
2343,100
2343,335
2344,28
2344,101
2344,336
2344,371
2345,312
2345,351
2346,3
2346,191
2347,106
2347,123
2347,248
2348,214
2348,252
2348,290
2349,244
2349,279
2350,181
2350,251
2351,51
2351,195
2352,43
2352,166
2352,323
2353,160
2353,382
2354,49
2354,204
2355,142
2355,225
2356,42
2356,125
2356,163
2357,260
2358,53
2358,212
2358,342
2358,346
2359,316
2359,397
2360,174
2361,54
2361,88
2361,173
2362,155
2362,357
2362,391
2363,29
2363,108
2363,174
2364,137
2364,369
2365,140
2365,146
2366,153
2366,303
2366,309
2367,137
2367,183
2367,248
2368,38
2368,72
2368,172
2369,40
2369,242
2369,319
2370,28
2370,261
2371,22
2371,78
2372,128
2372,147
2373,86
2373,89
2373,153
2373,275
2374,44
2374,205
2374,240
2375,29
2375,246
2375,332
2376,305
2376,319
2376,322
2376,340
2377,18
2377,105
2378,21
2378,264
2379,65
2379,80
2379,303
2379,328
2380,97
2380,298
2381,79
2381,159
2381,315
2382,108
2382,143
2382,150
2383,127
2384,276
2384,308
2384,341
2385,211
2385,221
2387,9
2387,91
2388,144
2388,212
2389,195
2390,108
2390,367
2391,101
2391,177
2391,391
2392,151
2392,336
2393,153
2393,208
2393,346
2393,367
2394,81
2394,307
2394,390
2395,153
2395,388
2396,43
2396,310
2396,327
2397,248
2397,381
2398,12
2398,53
2399,112
2399,234
2399,288
2400,96
2400,247
2401,152
2401,243
2401,396
2402,80
2402,358
2403,83
2403,100
2405,125
2405,242
2405,399
2406,30
2406,168
2406,185
2407,134
2407,376
2408,115
2408,202
2409,176
2409,226
2410,192
2410,385
2411,37
2411,40
2412,40
2412,141
2413,94
2413,129
2413,279
2414,61
2414,128
2414,134
2414,249
2415,292
2415,398
2416,242
2417,65
2417,91
2417,233
2417,264
2418,28
2418,73
2418,84
2419,19
2419,128
2419,132
2419,329
2420,114
2420,341
2421,129
2421,191
2421,226
2421,265
2422,106
2422,297
2423,127
2423,292
2424,21
2424,285
2425,132
2425,134
2425,251
2426,69
2426,186
2426,325
2427,8
2427,118
2427,142
2427,318
2428,157
2428,228
2428,232
2429,131
2429,163
2430,138
2430,199
2430,253
2431,217
2431,281
2431,287
2432,111
2432,275
2432,305
2432,337
2433,60
2433,115
2433,286
2434,85
2434,150
2434,336
2434,397
2436,62
2436,148
2436,163
2436,373
2437,35
2437,238
2438,124
2438,228
2438,314
2439,296
2440,150
2440,359
2440,397
2441,132
2441,172
2441,177
2441,338
2442,119
2442,148
2442,187
2443,67
2443,221
2444,60
2444,170
2444,329
2445,343
2445,379
2446,50
2446,60
2446,202
2447,124
2447,142
2447,227
2447,353
2448,19
2448,177
2448,357
2449,181
2449,201
2450,68
2450,247
2450,300
2450,377
2451,190
2451,218
2451,383
2452,25
2452,52
2452,231
2452,268
2453,106
2453,267
2454,26
2454,186
2454,368
2454,381
2455,11
2455,122
2455,142
2455,353
2456,155
2456,167
2456,327
2457,16
2457,142
2457,386
2458,5
2458,33
2458,66
2458,363
2460,7
2460,9
2460,91
2461,26
2461,288
2461,388
2462,163
2462,165
2462,267
2462,298
2463,189
2463,253
2464,39
2464,187
2464,207
2465,179
2465,329
2466,114
2466,247
2466,397
2467,74
2467,243
2468,9
2468,20
2468,99
2468,377
2469,39
2469,372
2470,202
2470,392
2471,263
2471,310
2471,395
2472,228
2472,233
2473,94
2473,117
2474,13
2474,164
2475,207
2475,298
2476,26
2476,173
2476,363
2477,37
2477,267
2477,298
2478,21
2478,226
2478,329
2478,340
2479,178
2479,342
2480,64
2481,27
2481,264
2481,271
2482,278
2482,345
2483,21
2483,267
2483,284
2484,101
2484,295
2485,125
2485,148
2486,22
2486,24
2487,124
2487,344
2489,139
2489,361
2489,369
2490,113
2490,378
2491,27
2491,331
2492,189
2492,320
2492,356
2492,377
2493,366
2495,199
2495,321
2495,358
2496,80
2496,230
2496,301
2496,311
2497,96
2497,314
2497,336
2497,337
2498,96
2499,22
2499,58
2499,229
2500,176
2500,268
2501,339
2502,1
2502,342
2503,144
2503,359
2503,387
2504,327
2505,114
2505,136
2505,197
2506,54
2506,193
2507,39
2507,116
2507,118
2507,140
2508,25
2508,274
2509,114
2509,197
2510,5
2510,137
2510,243
2510,373
2511,31
2511,166
2511,388
2512,36
2512,46
2512,135
2512,197
2513,253
2513,294
2513,334
2513,374
2514,96
2514,371
2515,122
2515,270
2515,341
2516,65
2516,191
2517,208
2517,288
2518,105
2518,106
2518,342
2518,381
2519,56
2519,205
2519,271
2520,86
2520,107
2520,110
2521,39
2521,275
2521,305
2522,217
2522,313
2522,389
2523,2
2523,274
2523,318
2523,344
2524,188
2524,271
2524,274
2524,351
2525,85
2525,127
2526,8
2526,80
2526,279
2527,113
2527,119
2528,52
2528,84
2528,369
2529,43
2529,293
2529,324
2529,382
2530,182
2530,398
2531,44
2531,100
2531,365
2532,5
2532,158
2532,165
2533,40
2533,85
2533,299
2533,399
2534,29
2534,338
2535,38
2535,172
2535,391
2536,268
2536,353
2537,57
2537,193
2537,341
2538,96
2538,195
2539,6
2539,249
2540,285
2540,376
2542,18
2542,67
2542,335
2542,361
2543,279
2543,374
2544,165
2544,373
2544,396
2545,46
2545,330
2545,397
2546,124
2546,268
2546,301
2546,374
2547,81
2547,272
2547,321
2548,214
2548,220
2548,386
2549,67
2549,104
2550,64
2550,249
2550,326
2550,375
2551,230
2551,246
2552,28
2552,104
2553,119
2553,378
2554,86
2554,111
2555,220
2555,351
2556,92
2556,155
2557,247
2557,292
2557,336
2557,366
2558,82
2558,166
2559,13
2559,59
2559,193
2559,323
2560,15
2560,33
2560,233
2561,309
2561,342
2562,184
2562,330
2563,183
2563,261
2563,306
2564,16
2564,80
2564,187
2564,321
2565,145
2565,162
2566,16
2566,183
2566,227
2566,374
2567,48
2567,86
2567,227
2568,64
2568,173
2569,123
2569,395
2570,114
2570,238
2571,113
2571,298
2571,299
2572,181
2572,329
2572,333
2573,51
2573,373
2574,22
2574,249
2574,332
2575,255
2575,372
2576,19
2576,175
2576,285
2577,23
2577,261
2578,117
2578,246
2578,251
2578,329
2579,115
2579,157
2579,286
2580,292
2580,337
2581,168
2581,180
2582,201
2584,113
2584,235
2584,373
2585,185
2585,269
2587,217
2587,287
2588,114
2588,292
2588,365
2589,27
2589,383
2590,208
2590,250
2591,32
2591,260
2593,67
2593,183
2593,213
2593,389
2594,19
2594,132
2594,177
2594,181
2595,197
2595,200
2596,156
2596,267
2596,373
2597,2
2597,270
2597,273
2597,334
2598,34
2598,96
2599,290
2600,51
2600,113
2601,43
2601,324
2602,159
2602,173
2602,186
2603,342
2604,257
2605,13
2606,55
2607,5
2607,93
2608,278
2608,329
2609,111
2609,207
2609,257
2610,151
2610,183
2610,217
2611,155
2611,172
2611,249
2612,139
2612,335
2613,104
2613,149
2613,306
2614,188
2614,387
2615,135
2615,353
2616,114
2617,15
2617,389
2618,1
2618,169
2619,157
2619,264
2619,384
2620,18
2620,78
2620,123
2620,297
2621,319
2622,297
2623,242
2623,284
2625,138
2625,330
2626,30
2626,296
2627,59
2627,130
2627,159
2627,223
2628,286
2629,26
2629,184
2629,243
2629,253
2630,15
2630,159
2631,42
2631,85
2632,24
2632,27
2632,123
2632,245
2633,225
2633,318
2633,321
2634,199
2634,287
2634,317
2635,206
2635,284
2635,373
2636,228
2636,313
2637,106
2637,137
2637,139
2638,61
2638,110
2638,305
2639,53
2639,322
2639,360
2639,361
2640,41
2640,244
2641,261
2641,336
2642,21
2642,282
2643,163
2643,207
2643,242
2643,298
2644,22
2644,302
2645,24
2645,154
2645,313
2647,330
2647,367
2648,61
2648,319
2648,340
2649,161
2649,271
2650,26
2650,66
2650,130
2651,92
2651,117
2652,87
2652,154
2652,268
2653,0
2653,207
2653,286
2653,384
2654,13
2654,99
2654,106
2655,182
2655,273
2655,292
2656,11
2656,204
2657,179
2657,230
2658,91
2658,228
2659,54
2659,108
2660,31
2660,192
2661,96
2661,137
2662,114
2662,366
2663,109
2663,184
2663,235
2664,72
2664,282
2665,122
2665,337
2666,232
2666,384
2667,43
2667,310
2667,346
2668,164
2668,167
2668,248
2668,331
2669,170
2669,180
2669,230
2669,344
2670,163
2670,299
2671,283
2671,359
2672,178
2672,255
2673,33
2673,43
2673,130
2674,134
2674,174
2674,343
2674,351
2675,224
2675,373
2676,81
2676,134
2676,196
2677,160
2677,173
2677,241
2678,347
2679,93
2679,163
2679,195
2679,396
2680,212
2680,286
2680,287
2680,319
2681,67
2681,254
2681,361
2682,77
2682,271
2682,351
2683,84
2683,159
2684,22
2684,139
2684,145
2685,142
2685,231
2685,267
2685,318
2686,235
2686,304
2687,30
2687,224
2688,0
2688,157
2688,314
2689,246
2690,128
2690,331
2691,1
2691,49
2691,318
2692,333
2692,376
2693,10
2693,353
2693,358
2694,221
2694,361
2695,220
2695,271
2695,386
2696,106
2696,133
2696,245
2696,360
2697,145
2697,146
2697,305
2698,38
2698,43
2698,267
2699,245
2699,331
2700,56
2700,168
2700,214
2701,29
2701,128
2701,338
2701,357
2702,96
2702,276
2703,52
2703,225
2703,303
2703,374
2704,86
2704,144
2704,153
2704,303
2705,45
2705,171
2706,94
2706,210
2706,222
2707,192
2707,310
2708,123
2708,229
2708,309
2708,363
2709,20
2709,73
2709,108
2710,160
2710,324
2710,395
2711,139
2711,236
2711,313
2711,335
2712,13
2712,262
2712,324
2713,83
2713,308
2713,344
2714,159
2714,166
2714,192
2715,12
2715,27
2715,35
2715,197
2716,214
2717,9
2717,147
2718,112
2718,191
2719,70
2719,241
2720,137
2720,139
2721,51
2721,131
2721,373
2722,12
2722,135
2722,205
2723,36
2723,105
2723,386
2724,19
2724,49
2724,172
2725,7
2725,320
2725,359
2726,127
2726,336
2727,155
2727,333
2728,16
2728,25
2728,301
2728,311
2729,0
2729,3
2729,176
2729,314
2730,172
2730,390
2731,78
2731,106
2731,254
2731,313
2732,117
2732,295
2733,10
2733,41
2733,347
2734,246
2734,390
2734,391
2735,94
2735,191
2735,202
2736,124
2736,391
2737,7
2737,147
2738,128
2738,132
2738,219
2739,40
2740,299
2740,392
2741,36
2741,114
2741,222
2742,125
2742,257
2743,168
2743,222
2743,232
2743,383
2744,166
2745,80
2745,108
2745,330
2745,387
2746,11
2746,362
2747,90
2747,328
2747,344
2748,329
2748,338
2749,276
2749,308
2749,398
2750,379
2751,32
2751,366
2752,26
2752,327
2752,388
2753,184
2753,189
2754,65
2754,227
2754,353
2755,103
2755,191
2755,222
2756,178
2756,217
2756,275
2757,7
2758,210
2758,278
2758,291
2759,30
2759,39
2759,144
2760,248
2760,315
2761,190
2761,370
2762,11
2762,122
2762,328
2763,12
2763,58
2763,106
2763,300
2764,22
2764,93
2764,104
2764,315
2765,84
2765,151
2765,179
2766,43
2766,69
2767,138
2767,225
2767,359
2767,387
2768,44
2768,339
2769,14
2769,69
2769,323
2770,34
2770,180
2771,116
2771,212
2772,174
2772,397
2773,24
2773,71
2773,197
2775,123
2775,221
2776,181
2776,295
2777,31
2777,358
2777,385
2778,229
2778,254
2779,136
2779,351
2779,393
2780,4
2780,289
2780,301
2781,27
2781,309
2782,140
2783,107
2783,221
2784,54
2784,381
2785,221
2785,254
2786,0
2786,191
2786,340
2786,369
2787,48
2787,52
2788,156
2788,163
2788,165
2789,7
2789,380
2790,43
2790,93
2790,298
2791,243
2791,266
2791,267
2792,38
2793,212
2794,3
2794,191
2794,228
2794,278
2795,45
2795,212
2796,10
2796,70
2796,280
2797,259
2797,285
2797,316
2798,71
2799,127
2799,260
2799,276
2799,292
2800,72
2800,215
2800,333
2800,391
2801,67
2801,125
2801,390
2802,135
2802,272
2803,103
2803,200
2803,274
2804,68
2804,221
2804,315
2804,335
2805,92
2805,95
2805,134
2805,356
2806,185
2806,252
2807,157
2807,206
2808,49
2808,358
2809,226
2809,384
2810,267
2810,299
2811,13
2811,346
2812,177
2812,249
2813,84
2813,104
2813,315
2814,273
2814,337
2815,20
2815,81
2816,64
2816,323
2816,368
2816,395
2817,71
2817,80
2817,377
2818,214
2818,220
2818,312
2819,146
2819,212
2820,131
2820,298
2821,120
2821,290
2822,154
2822,162
2822,256
2822,281
2823,21
2823,264
2824,110
2824,372
2825,257
2826,273
2826,341
2827,55
2827,90
2827,122
2827,240
2828,9
2828,189
2829,61
2829,251
2830,113
2830,373
2831,31
2831,147
2831,323
2832,39
2832,370
2834,48
2834,301
2834,311
2834,344
2835,186
2835,385
2836,81
2836,307
2837,89
2837,144
2838,336
2838,366
2838,397
2839,263
2839,288
2839,367
2839,395
2840,326
2840,356
2841,8
2841,129
2843,19
2843,72
2843,302
2843,329
2844,119
2844,284
2845,127
2845,341
2846,199
2846,320
2847,33
2847,59
2847,175
2847,363
2848,4
2848,327
2848,354
2848,385
2849,87
2849,180
2849,274
2849,318
2850,264
2850,282
2850,340
2850,373
2851,16
2851,180
2851,231
2852,155
2852,166
2852,325
2853,37
2853,56
2853,141
2854,48
2854,76
2854,279
2854,374
2855,165
2855,207
2855,254
2856,126
2856,383
2857,177
2857,251
2857,295
2858,177
2858,332
2858,357
2859,103
2859,210
2859,234
2860,260
2860,334
2860,397
2861,183
2861,369
2862,66
2862,193
2862,310
2863,129
2863,325
2863,347
2863,374
2864,64
2864,280
2865,92
2865,117
2865,177
2866,296
2866,322
2866,370
2867,16
2867,256
2868,7
2868,9
2868,99
2868,377
2869,181
2869,357
2870,165
2870,191
2870,198
2870,226
2871,174
2871,181
2871,201
2871,251
2872,268
2872,301
2872,328
2873,44
2873,68
2873,182
2874,242
2874,243
2875,272
2875,348
2876,107
2876,116
2876,171
2876,303
2877,306
2877,389
2878,219
2879,2
2879,48
2880,324
2880,325
2881,298
2882,251
2882,376
2883,124
2883,314
2884,12
2885,115
2885,202
2886,379
2886,391
2887,3
2887,165
2888,331
2888,395
2889,22
2889,133
2889,221
2890,28
2890,261
2891,73
2891,157
2891,320
2892,36
2892,220
2893,155
2893,201
2893,302
2894,18
2894,211
2894,297
2894,309
2895,50
2895,55
2895,60
2895,202
2896,35
2896,105
2896,188
2897,34
2897,227
2897,337
2898,19
2898,117
2898,329
2899,6
2899,271
2900,377
2900,397
2901,260
2901,277
2902,209
2902,210
2902,324
2903,25
2903,204
2903,262
2903,383
2904,15
2904,369
2905,180
2905,188
2905,205
2906,141
2906,314
2907,152
2907,165
2907,242
2907,284
2908,120
2908,135
2908,178
2909,203
2909,224
2910,91
2910,233
2910,264
2911,141
2911,247
2912,83
2912,96
2912,336
2912,337
2913,21
2913,285
2914,14
2914,43
2914,325
2914,395
2915,44
2915,273
2915,292
2915,336
2916,115
2916,209
2917,132
2917,134
2917,181
2917,391
2918,105
2918,218
2918,271
2919,129
2919,191
2919,257
2920,74
2920,157
2920,228
2921,181
2921,302
2922,81
2922,108
2922,199
2922,317
2923,19
2923,175
2923,343
2924,108
2925,259
2925,386
2926,86
2926,146
2926,217
2927,215
2927,357
2928,154
2928,172
2929,338
2929,351
2930,141
2930,292
2930,365
2931,26
2931,83
2931,243
2932,56
2932,188
2933,38
2933,333
2934,6
2934,379
2935,3
2935,115
2935,202
2936,29
2936,60
2936,92
2936,376
2937,29
2937,117
2937,219
2937,333
2938,35
2938,218
2939,195
2939,284
2940,195
2940,295
2940,399
2941,111
2941,153
2941,296
2942,261
2942,297
2943,218
2943,264
2943,394
2944,89
2944,178
2944,212
2944,255
2945,61
2945,389
2946,56
2946,259
2947,174
2947,343
2947,375
2948,56
2948,135
2948,218
2948,312
2949,0
2949,94
2950,24
2950,99
2950,106
2951,135
2951,383
2953,44
2953,96
2953,250
2953,337
2954,121
2954,172
2955,64
2955,88
2955,130
2956,56
2956,188
2956,290
2957,194
2957,224
2958,7
2958,108
2959,74
2959,189
2959,359
2960,339
2960,341
2961,161
2961,386
2962,61
2962,107
2963,170
2963,357
2964,3
2964,202
2964,340
2965,131
2965,171
2966,38
2966,62
2966,267
2966,284
2967,27
2967,274
2968,19
2968,201
2969,58
2969,106
2969,245
2969,248
2970,213
2970,297
2971,225
2971,362
2972,19
2972,390
2973,95
2973,215
2973,285
2973,343
2974,45
2974,144
2974,171
2974,275
2975,83
2975,114
2976,11
2976,25
2976,124
2976,231
2977,8
2977,284
2978,126
2978,188
2979,42
2979,96
2980,86
2980,140
2980,305
2980,370
2981,19
2981,92
2981,117
2981,132
2982,69
2982,216
2983,105
2983,376
2984,87
2984,129
2984,142
2984,344
2985,214
2985,278
2986,4
2986,209
2986,323
2987,27
2987,56
2987,386
2988,68
2988,100
2989,242
2990,168
2990,386
2991,112
2991,176
2991,226
2992,140
2992,372
2993,202
2993,265
2993,278
2993,282
2994,18
2994,28
2994,106
2995,36
2995,135
2995,180
2995,222
2996,300
2997,302
2997,353
2998,186
2998,193
2999,224
2999,242
