paper_id,frac_year
0,2015.0
1,2018.0
2,2016.0
3,2015.0
4,2008.0
5,2010.0
6,2008.0
7,2011.0
8,2004.0
9,2011.0
10,2006.0
11,2018.0
12,2006.0
13,2011.0
14,2007.0
15,2008.0
16,2010.0
17,2016.0
18,2018.0
19,2013.0
20,2013.0
21,2007.0
22,2008.0
23,2012.0
24,2019.0
25,2019.0
26,2007.0
27,2012.0
28,2007.0
29,2011.0
30,2010.0
31,2013.0
32,2014.0
33,2013.0
34,2019.0
35,2010.0
36,2016.0
37,2015.0
38,2019.0
39,2013.0
40,2009.0
41,2012.0
42,2017.0
43,2008.0
44,2006.0
45,2014.0
46,2016.0
47,2017.0
48,2010.0
49,2013.0
50,2019.0
51,2010.0
52,2006.0
53,2015.0
54,2014.0
55,2016.0
56,2016.0
57,2006.0
58,2004.0
59,2007.0
60,2013.0
61,2018.0
62,2009.0
63,2012.0
64,2011.0
65,2017.0
66,2006.0
67,2017.0
68,2007.0
69,2018.0
70,2014.0
71,2004.0
72,2018.0
73,2004.0
74,2009.0
75,2019.0
76,2015.0
77,2014.0
78,2016.0
79,2004.0
80,2011.0
81,2018.0
82,2006.0
83,2008.0
84,2005.0
85,2006.0
86,2009.0
87,2007.0
88,2014.0
89,2012.0
90,2007.0
91,2019.0
92,2015.0
93,2019.0
94,2006.0
95,2011.0
96,2014.0
97,2011.0
98,2018.0
99,2018.0
100,2005.0
101,2012.0
102,2007.0
103,2005.0
104,2012.0
105,2015.0
106,2014.0
107,2012.0
108,2005.0
109,2004.0
110,2011.0
111,2005.0
112,2019.0
113,2010.0
114,2005.0
115,2017.0
116,2009.0
117,2017.0
118,2010.0
119,2012.0
120,2012.0
121,2004.0
122,2004.0
123,2006.0
124,2014.0
125,2012.0
126,2011.0
127,2015.0
128,2018.0
129,2007.0
130,2009.0
131,2006.0
132,2013.0
133,2008.0
134,2010.0
135,2012.0
136,2007.0
137,2011.0
138,2013.0
139,2018.0
140,2019.0
141,2010.0
142,2012.0
143,2005.0
144,2013.0
145,2011.0
146,2018.0
147,2017.0
148,2011.0
149,2014.0
150,2004.0
151,2007.0
152,2010.0
153,2004.0
154,2005.0
155,2018.0
156,2016.0
157,2019.0
158,2015.0
159,2007.0
160,2017.0
161,2018.0
162,2005.0
163,2008.0
164,2011.0
165,2017.0
166,2015.0
167,2016.0
168,2009.0
169,2016.0
170,2008.0
171,2006.0
172,2004.0
173,2019.0
174,2005.0
175,2007.0
176,2007.0
177,2015.0
178,2012.0
179,2016.0
180,2018.0
181,2015.0
182,2017.0
183,2006.0
184,2016.0
185,2016.0
186,2011.0
187,2016.0
188,2017.0
189,2007.0
190,2004.0
191,2015.0
192,2016.0
193,2012.0
194,2019.0
195,2005.0
196,2017.0
197,2011.0
198,2018.0
199,2013.0
200,2019.0
201,2013.0
202,2018.0
203,2008.0
204,2012.0
205,2004.0
206,2008.0
207,2004.0
208,2004.0
209,2018.0
210,2017.0
211,2013.0
212,2010.0
213,2017.0
214,2010.0
215,2016.0
216,2012.0
217,2005.0
218,2019.0
219,2004.0
220,2016.0
221,2013.0
222,2019.0
223,2006.0
224,2016.0
225,2019.0
226,2017.0
227,2018.0
228,2005.0
229,2014.0
230,2016.0
231,2015.0
232,2007.0
233,2012.0
234,2018.0
235,2010.0
236,2010.0
237,2006.0
238,2012.0
239,2005.0
240,2018.0
241,2014.0
242,2016.0
243,2015.0
244,2013.0
245,2015.0
246,2018.0
247,2005.0
248,2015.0
249,2014.0
250,2012.0
251,2005.0
252,2009.0
253,2015.0
254,2008.0
255,2014.0
256,2012.0
257,2019.0
258,2008.0
259,2014.0
260,2019.0
261,2015.0
262,2015.0
263,2013.0
264,2014.0
265,2019.0
266,2012.0
267,2006.0
268,2009.0
269,2014.0
270,2013.0
271,2012.0
272,2017.0
273,2013.0
274,2007.0
275,2010.0
276,2011.0
277,2016.0
278,2019.0
279,2012.0
280,2007.0
281,2012.0
282,2005.0
283,2018.0
284,2018.0
285,2013.0
286,2016.0
287,2008.0
288,2016.0
289,2011.0
290,2015.0
291,2016.0
292,2013.0
293,2019.0
294,2015.0
295,2005.0
296,2005.0
297,2010.0
298,2012.0
299,2016.0
300,2006.0
301,2006.0
302,2012.0
303,2019.0
304,2016.0
305,2016.0
306,2019.0
307,2007.0
308,2013.0
309,2007.0
310,2015.0
311,2009.0
312,2015.0
313,2018.0
314,2016.0
315,2017.0
316,2005.0
317,2004.0
318,2011.0
319,2004.0
320,2018.0
321,2004.0
322,2004.0
323,2007.0
324,2004.0
325,2006.0
326,2004.0
327,2019.0
328,2006.0
329,2007.0
330,2015.0
331,2005.0
332,2014.0
333,2006.0
334,2017.0
335,2009.0
336,2005.0
337,2013.0
338,2012.0
339,2017.0
340,2004.0
341,2012.0
342,2009.0
343,2012.0
344,2019.0
345,2016.0
346,2015.0
347,2019.0
348,2008.0
349,2007.0
350,2009.0
351,2014.0
352,2015.0
353,2019.0
354,2013.0
355,2005.0
356,2017.0
357,2017.0
358,2006.0
359,2016.0
360,2014.0
361,2016.0
362,2015.0
363,2008.0
364,2009.0
365,2004.0
366,2009.0
367,2008.0
368,2019.0
369,2008.0
370,2015.0
371,2009.0
372,2006.0
373,2005.0
374,2012.0
375,2017.0
376,2013.0
377,2014.0
378,2010.0
379,2013.0
380,2008.0
381,2009.0
382,2008.0
383,2015.0
384,2014.0
385,2014.0
386,2008.0
387,2009.0
388,2004.0
389,2018.0
390,2010.0
391,2008.0
392,2016.0
393,2008.0
394,2011.0
395,2012.0
396,2009.0
397,2018.0
398,2014.0
399,2014.0
400,2017.0
401,2008.0
402,2017.0
403,2018.0
404,2009.0
405,2009.0
406,2004.0
407,2004.0
408,2006.0
409,2015.0
410,2018.0
411,2012.0
412,2004.0
413,2009.0
414,2007.0
415,2009.0
416,2006.0
417,2019.0
418,2016.0
419,2011.0
420,2018.0
421,2009.0
422,2011.0
423,2010.0
424,2019.0
425,2006.0
426,2010.0
427,2011.0
428,2008.0
429,2014.0
430,2007.0
431,2015.0
432,2006.0
433,2005.0
434,2004.0
435,2005.0
436,2005.0
437,2004.0
438,2019.0
439,2004.0
440,2016.0
441,2006.0
442,2009.0
443,2012.0
444,2008.0
445,2013.0
446,2005.0
447,2014.0
448,2018.0
449,2008.0
450,2018.0
451,2004.0
452,2010.0
453,2009.0
454,2012.0
455,2011.0
456,2011.0
457,2018.0
458,2008.0
459,2016.0
460,2015.0
461,2016.0
462,2009.0
463,2015.0
464,2009.0
465,2011.0
466,2013.0
467,2012.0
468,2007.0
469,2008.0
470,2015.0
471,2016.0
472,2016.0
473,2006.0
474,2005.0
475,2019.0
476,2010.0
477,2019.0
478,2013.0
479,2011.0
480,2017.0
481,2012.0
482,2014.0
483,2012.0
484,2008.0
485,2011.0
486,2016.0
487,2015.0
488,2019.0
489,2009.0
490,2014.0
491,2010.0
492,2011.0
493,2014.0
494,2011.0
495,2006.0
496,2010.0
497,2007.0
498,2008.0
499,2016.0
500,2017.0
501,2009.0
502,2012.0
503,2009.0
504,2014.0
505,2018.0
506,2015.0
507,2006.0
508,2018.0
509,2017.0
510,2016.0
511,2015.0
512,2008.0
513,2012.0
514,2015.0
515,2008.0
516,2004.0
517,2011.0
518,2008.0
519,2004.0
520,2017.0
521,2012.0
522,2015.0
523,2014.0
524,2005.0
525,2004.0
526,2009.0
527,2007.0
528,2005.0
529,2008.0
530,2005.0
531,2011.0
532,2006.0
533,2017.0
534,2016.0
535,2017.0
536,2009.0
537,2008.0
538,2009.0
539,2004.0
540,2006.0
541,2009.0
542,2010.0
543,2008.0
544,2009.0
545,2004.0
546,2014.0
547,2007.0
548,2011.0
549,2007.0
550,2005.0
551,2005.0
552,2008.0
553,2012.0
554,2007.0
555,2019.0
556,2011.0
557,2016.0
558,2019.0
559,2010.0
560,2019.0
561,2010.0
562,2005.0
563,2015.0
564,2019.0
565,2009.0
566,2011.0
567,2004.0
568,2008.0
569,2004.0
570,2018.0
571,2005.0
572,2018.0
573,2015.0
574,2009.0
575,2014.0
576,2011.0
577,2015.0
578,2009.0
579,2009.0
580,2006.0
581,2004.0
582,2018.0
583,2011.0
584,2014.0
585,2009.0
586,2006.0
587,2016.0
588,2016.0
589,2014.0
590,2006.0
591,2013.0
592,2008.0
593,2019.0
594,2012.0
595,2005.0
596,2017.0
597,2013.0
598,2005.0
599,2009.0
600,2009.0
601,2015.0
602,2017.0
603,2007.0
604,2019.0
605,2017.0
606,2017.0
607,2011.0
608,2016.0
609,2011.0
610,2018.0
611,2004.0
612,2009.0
613,2014.0
614,2005.0
615,2006.0
616,2007.0
617,2010.0
618,2013.0
619,2013.0
620,2010.0
621,2017.0
622,2004.0
623,2009.0
624,2015.0
625,2018.0
626,2005.0
627,2017.0
628,2009.0
629,2017.0
630,2012.0
631,2013.0
632,2016.0
633,2016.0
634,2011.0
635,2010.0
636,2014.0
637,2009.0
638,2005.0
639,2017.0
640,2018.0
641,2019.0
642,2008.0
643,2005.0
644,2015.0
645,2005.0
646,2009.0
647,2018.0
648,2006.0
649,2019.0
650,2013.0
651,2010.0
652,2009.0
653,2016.0
654,2015.0
655,2004.0
656,2016.0
657,2015.0
658,2007.0
659,2016.0
660,2019.0
661,2017.0
662,2016.0
663,2009.0
664,2008.0
665,2004.0
666,2015.0
667,2014.0
668,2015.0
669,2013.0
670,2017.0
671,2016.0
672,2016.0
673,2017.0
674,2010.0
675,2008.0
676,2014.0
677,2018.0
678,2017.0
679,2005.0
680,2012.0
681,2005.0
682,2005.0
683,2016.0
684,2011.0
685,2015.0
686,2015.0
687,2008.0
688,2014.0
689,2012.0
690,2013.0
691,2004.0
692,2015.0
693,2009.0
694,2008.0
695,2009.0
696,2012.0
697,2018.0
698,2014.0
699,2009.0
700,2011.0
701,2015.0
702,2009.0
703,2019.0
704,2010.0
705,2019.0
706,2004.0
707,2015.0
708,2005.0
709,2008.0
710,2014.0
711,2018.0
712,2018.0
713,2006.0
714,2014.0
715,2014.0
716,2019.0
717,2010.0
718,2013.0
719,2017.0
720,2010.0
721,2016.0
722,2013.0
723,2008.0
724,2006.0
725,2010.0
726,2015.0
727,2006.0
728,2013.0
729,2010.0
730,2018.0
731,2019.0
732,2019.0
733,2018.0
734,2012.0
735,2016.0
736,2017.0
737,2018.0
738,2018.0
739,2008.0
740,2007.0
741,2005.0
742,2004.0
743,2006.0
744,2018.0
745,2015.0
746,2009.0
747,2008.0
748,2011.0
749,2014.0
750,2015.0
751,2014.0
752,2010.0
753,2007.0
754,2004.0
755,2010.0
756,2007.0
757,2008.0
758,2008.0
759,2018.0
760,2009.0
761,2011.0
762,2016.0
763,2008.0
764,2019.0
765,2004.0
766,2006.0
767,2005.0
768,2016.0
769,2016.0
770,2011.0
771,2013.0
772,2008.0
773,2012.0
774,2018.0
775,2009.0
776,2013.0
777,2016.0
778,2009.0
779,2007.0
780,2004.0
781,2019.0
782,2014.0
783,2014.0
784,2005.0
785,2009.0
786,2013.0
787,2011.0
788,2019.0
789,2016.0
790,2007.0
791,2009.0
792,2004.0
793,2019.0
794,2013.0
795,2007.0
796,2004.0
797,2016.0
798,2005.0
799,2004.0
800,2016.0
801,2004.0
802,2008.0
803,2015.0
804,2006.0
805,2016.0
806,2008.0
807,2013.0
808,2008.0
809,2007.0
810,2007.0
811,2012.0
812,2014.0
813,2010.0
814,2014.0
815,2019.0
816,2004.0
817,2015.0
818,2018.0
819,2005.0
820,2013.0
821,2009.0
822,2008.0
823,2014.0
824,2017.0
825,2012.0
826,2012.0
827,2007.0
828,2011.0
829,2014.0
830,2012.0
831,2019.0
832,2016.0
833,2011.0
834,2009.0
835,2005.0
836,2009.0
837,2008.0
838,2009.0
839,2009.0
840,2014.0
841,2009.0
842,2013.0
843,2014.0
844,2004.0
845,2006.0
846,2014.0
847,2018.0
848,2005.0
849,2011.0
850,2009.0
851,2018.0
852,2019.0
853,2019.0
854,2015.0
855,2015.0
856,2007.0
857,2008.0
858,2006.0
859,2014.0
860,2008.0
861,2010.0
862,2017.0
863,2009.0
864,2014.0
865,2018.0
866,2013.0
867,2009.0
868,2016.0
869,2008.0
870,2006.0
871,2015.0
872,2019.0
873,2011.0
874,2011.0
875,2010.0
876,2006.0
877,2004.0
878,2019.0
879,2013.0
880,2009.0
881,2015.0
882,2010.0
883,2014.0
884,2005.0
885,2017.0
886,2018.0
887,2018.0
888,2006.0
889,2016.0
890,2015.0
891,2004.0
892,2015.0
893,2018.0
894,2016.0
895,2005.0
896,2005.0
897,2018.0
898,2005.0
899,2019.0
900,2009.0
901,2019.0
902,2011.0
903,2010.0
904,2011.0
905,2019.0
906,2008.0
907,2019.0
908,2015.0
909,2011.0
910,2005.0
911,2006.0
912,2008.0
913,2004.0
914,2013.0
915,2009.0
916,2019.0
917,2004.0
918,2017.0
919,2004.0
920,2015.0
921,2016.0
922,2016.0
923,2006.0
924,2011.0
925,2017.0
926,2009.0
927,2019.0
928,2006.0
929,2010.0
930,2015.0
931,2016.0
932,2013.0
933,2019.0
934,2012.0
935,2017.0
936,2009.0
937,2013.0
938,2010.0
939,2016.0
940,2017.0
941,2010.0
942,2017.0
943,2018.0
944,2014.0
945,2012.0
946,2019.0
947,2004.0
948,2011.0
949,2015.0
950,2017.0
951,2010.0
952,2015.0
953,2004.0
954,2006.0
955,2006.0
956,2011.0
957,2006.0
958,2014.0
959,2009.0
960,2011.0
961,2017.0
962,2009.0
963,2013.0
964,2014.0
965,2011.0
966,2004.0
967,2016.0
968,2016.0
969,2017.0
970,2007.0
971,2018.0
972,2007.0
973,2013.0
974,2018.0
975,2014.0
976,2007.0
977,2019.0
978,2018.0
979,2017.0
980,2012.0
981,2008.0
982,2011.0
983,2004.0
984,2005.0
985,2019.0
986,2014.0
987,2011.0
988,2008.0
989,2015.0
990,2011.0
991,2012.0
992,2006.0
993,2008.0
994,2015.0
995,2016.0
996,2008.0
997,2007.0
998,2008.0
999,2013.0
1000,2019.0
1001,2008.0
1002,2019.0
1003,2016.0
1004,2010.0
1005,2011.0
1006,2010.0
1007,2019.0
1008,2011.0
1009,2016.0
1010,2006.0
1011,2011.0
1012,2005.0
1013,2014.0
1014,2011.0
1015,2009.0
1016,2012.0
1017,2016.0
1018,2015.0
1019,2012.0
1020,2004.0
1021,2010.0
1022,2013.0
1023,2019.0
1024,2019.0
1025,2015.0
1026,2011.0
1027,2004.0
1028,2009.0
1029,2016.0
1030,2007.0
1031,2006.0
1032,2012.0
1033,2017.0
1034,2017.0
1035,2007.0
1036,2009.0
1037,2011.0
1038,2012.0
1039,2019.0
1040,2005.0
1041,2009.0
1042,2011.0
1043,2012.0
1044,2015.0
1045,2012.0
1046,2005.0
1047,2009.0
1048,2019.0
1049,2014.0
1050,2013.0
1051,2019.0
1052,2007.0
1053,2015.0
1054,2013.0
1055,2004.0
1056,2009.0
1057,2012.0
1058,2005.0
1059,2017.0
1060,2009.0
1061,2009.0
1062,2019.0
1063,2012.0
1064,2004.0
1065,2019.0
1066,2016.0
1067,2007.0
1068,2016.0
1069,2017.0
1070,2018.0
1071,2012.0
1072,2008.0
1073,2014.0
1074,2005.0
1075,2007.0
1076,2014.0
1077,2011.0
1078,2017.0
1079,2017.0
1080,2011.0
1081,2005.0
1082,2004.0
1083,2017.0
1084,2005.0
1085,2010.0
1086,2007.0
1087,2014.0
1088,2004.0
1089,2009.0
1090,2009.0
1091,2017.0
1092,2008.0
1093,2018.0
1094,2015.0
1095,2007.0
1096,2018.0
1097,2005.0
1098,2013.0
1099,2004.0
1100,2012.0
1101,2012.0
1102,2004.0
1103,2017.0
1104,2011.0
1105,2019.0
1106,2008.0
1107,2012.0
1108,2009.0
1109,2015.0
1110,2013.0
1111,2007.0
1112,2010.0
1113,2008.0
1114,2014.0
1115,2016.0
1116,2005.0
1117,2019.0
1118,2011.0
1119,2015.0
1120,2006.0
1121,2019.0
1122,2005.0
1123,2008.0
1124,2019.0
1125,2016.0
1126,2006.0
1127,2013.0
1128,2010.0
1129,2014.0
1130,2016.0
1131,2007.0
1132,2018.0
1133,2008.0
1134,2015.0
1135,2005.0
1136,2005.0
1137,2006.0
1138,2012.0
1139,2016.0
1140,2013.0
1141,2017.0
1142,2016.0
1143,2008.0
1144,2012.0
1145,2007.0
1146,2012.0
1147,2005.0
1148,2008.0
1149,2013.0
1150,2017.0
1151,2017.0
1152,2007.0
1153,2018.0
1154,2005.0
1155,2004.0
1156,2012.0
1157,2019.0
1158,2007.0
1159,2006.0
1160,2019.0
1161,2005.0
1162,2005.0
1163,2015.0
1164,2015.0
1165,2017.0
1166,2004.0
1167,2016.0
1168,2011.0
1169,2007.0
1170,2009.0
1171,2005.0
1172,2009.0
1173,2010.0
1174,2004.0
1175,2015.0
1176,2017.0
1177,2004.0
1178,2007.0
1179,2019.0
1180,2008.0
1181,2017.0
1182,2005.0
1183,2004.0
1184,2017.0
1185,2017.0
1186,2005.0
1187,2012.0
1188,2004.0
1189,2014.0
1190,2007.0
1191,2016.0
1192,2013.0
1193,2005.0
1194,2004.0
1195,2010.0
1196,2015.0
1197,2006.0
1198,2010.0
1199,2008.0
1200,2012.0
1201,2017.0
1202,2012.0
1203,2010.0
1204,2005.0
1205,2005.0
1206,2016.0
1207,2017.0
1208,2016.0
1209,2007.0
1210,2013.0
1211,2017.0
1212,2014.0
1213,2012.0
1214,2011.0
1215,2014.0
1216,2018.0
1217,2010.0
1218,2019.0
1219,2013.0
1220,2010.0
1221,2015.0
1222,2019.0
1223,2017.0
1224,2015.0
1225,2017.0
1226,2012.0
1227,2008.0
1228,2015.0
1229,2010.0
1230,2019.0
1231,2015.0
1232,2008.0
1233,2010.0
1234,2018.0
1235,2018.0
1236,2006.0
1237,2011.0
1238,2018.0
1239,2010.0
1240,2012.0
1241,2010.0
1242,2019.0
1243,2006.0
1244,2013.0
1245,2004.0
1246,2016.0
1247,2011.0
1248,2013.0
1249,2013.0
1250,2008.0
1251,2014.0
1252,2009.0
1253,2015.0
1254,2011.0
1255,2018.0
1256,2019.0
1257,2013.0
1258,2014.0
1259,2018.0
1260,2009.0
1261,2016.0
1262,2009.0
1263,2004.0
1264,2015.0
1265,2019.0
1266,2019.0
1267,2008.0
1268,2007.0
1269,2018.0
1270,2007.0
1271,2011.0
1272,2013.0
1273,2012.0
1274,2008.0
1275,2014.0
1276,2005.0
1277,2010.0
1278,2004.0
1279,2011.0
1280,2011.0
1281,2017.0
1282,2013.0
1283,2007.0
1284,2019.0
1285,2008.0
1286,2010.0
1287,2005.0
1288,2013.0
1289,2017.0
1290,2004.0
1291,2012.0
1292,2007.0
1293,2018.0
1294,2009.0
1295,2007.0
1296,2013.0
1297,2017.0
1298,2007.0
1299,2007.0
1300,2004.0
1301,2006.0
1302,2008.0
1303,2010.0
1304,2011.0
1305,2008.0
1306,2009.0
1307,2007.0
1308,2019.0
1309,2007.0
1310,2006.0
1311,2010.0
1312,2015.0
1313,2004.0
1314,2004.0
1315,2018.0
1316,2014.0
1317,2019.0
1318,2013.0
1319,2006.0
1320,2005.0
1321,2017.0
1322,2016.0
1323,2006.0
1324,2009.0
1325,2010.0
1326,2008.0
1327,2017.0
1328,2007.0
1329,2017.0
1330,2015.0
1331,2015.0
1332,2013.0
1333,2015.0
1334,2018.0
1335,2013.0
1336,2014.0
1337,2006.0
1338,2014.0
1339,2016.0
1340,2012.0
1341,2018.0
1342,2018.0
1343,2006.0
1344,2016.0
1345,2010.0
1346,2009.0
1347,2016.0
1348,2019.0
1349,2018.0
1350,2010.0
1351,2017.0
1352,2004.0
1353,2019.0
1354,2012.0
1355,2016.0
1356,2014.0
1357,2014.0
1358,2019.0
1359,2019.0
1360,2005.0
1361,2014.0
1362,2006.0
1363,2009.0
1364,2005.0
1365,2018.0
1366,2010.0
1367,2014.0
1368,2015.0
1369,2013.0
1370,2011.0
1371,2010.0
1372,2009.0
1373,2017.0
1374,2011.0
1375,2009.0
1376,2014.0
1377,2016.0
1378,2012.0
1379,2016.0
1380,2010.0
1381,2005.0
1382,2012.0
1383,2011.0
1384,2006.0
1385,2014.0
1386,2009.0
1387,2015.0
1388,2005.0
1389,2015.0
1390,2012.0
1391,2010.0
1392,2010.0
1393,2007.0
1394,2006.0
1395,2011.0
1396,2012.0
1397,2009.0
1398,2014.0
1399,2009.0
1400,2014.0
1401,2005.0
1402,2007.0
1403,2008.0
1404,2007.0
1405,2006.0
1406,2006.0
1407,2012.0
1408,2009.0
1409,2005.0
1410,2016.0
1411,2011.0
1412,2011.0
1413,2019.0
1414,2013.0
1415,2012.0
1416,2007.0
1417,2010.0
1418,2009.0
1419,2012.0
1420,2005.0
1421,2010.0
1422,2009.0
1423,2006.0
1424,2015.0
1425,2013.0
1426,2012.0
1427,2018.0
1428,2007.0
1429,2005.0
1430,2018.0
1431,2011.0
1432,2014.0
1433,2014.0
1434,2008.0
1435,2007.0
1436,2006.0
1437,2015.0
1438,2019.0
1439,2019.0
1440,2008.0
1441,2016.0
1442,2019.0
1443,2006.0
1444,2004.0
1445,2013.0
1446,2011.0
1447,2016.0
1448,2005.0
1449,2007.0
1450,2011.0
1451,2015.0
1452,2009.0
1453,2010.0
1454,2016.0
1455,2004.0
1456,2009.0
1457,2018.0
1458,2014.0
1459,2009.0
1460,2006.0
1461,2012.0
1462,2004.0
1463,2014.0
1464,2016.0
1465,2012.0
1466,2008.0
1467,2019.0
1468,2018.0
1469,2007.0
1470,2004.0
1471,2004.0
1472,2016.0
1473,2019.0
1474,2013.0
1475,2014.0
1476,2008.0
1477,2015.0
1478,2017.0
1479,2014.0
1480,2018.0
1481,2009.0
1482,2013.0
1483,2009.0
1484,2016.0
1485,2008.0
1486,2007.0
1487,2019.0
1488,2015.0
1489,2017.0
1490,2008.0
1491,2006.0
1492,2005.0
1493,2015.0
1494,2013.0
1495,2008.0
1496,2018.0
1497,2005.0
1498,2015.0
1499,2015.0
1500,2016.0
1501,2009.0
1502,2019.0
1503,2012.0
1504,2010.0
1505,2016.0
1506,2008.0
1507,2006.0
1508,2011.0
1509,2005.0
1510,2012.0
1511,2013.0
1512,2007.0
1513,2004.0
1514,2013.0
1515,2014.0
1516,2018.0
1517,2010.0
1518,2018.0
1519,2013.0
1520,2011.0
1521,2010.0
1522,2018.0
1523,2017.0
1524,2016.0
1525,2005.0
1526,2010.0
1527,2007.0
1528,2010.0
1529,2011.0
1530,2008.0
1531,2006.0
1532,2017.0
1533,2004.0
1534,2018.0
1535,2004.0
1536,2009.0
1537,2019.0
1538,2013.0
1539,2007.0
1540,2005.0
1541,2018.0
1542,2013.0
1543,2013.0
1544,2017.0
1545,2012.0
1546,2019.0
1547,2004.0
1548,2006.0
1549,2004.0
1550,2004.0
1551,2008.0
1552,2009.0
1553,2009.0
1554,2009.0
1555,2013.0
1556,2013.0
1557,2006.0
1558,2008.0
1559,2012.0
1560,2015.0
1561,2018.0
1562,2005.0
1563,2009.0
1564,2004.0
1565,2012.0
1566,2016.0
1567,2015.0
1568,2004.0
1569,2005.0
1570,2014.0
1571,2014.0
1572,2017.0
1573,2012.0
1574,2014.0
1575,2018.0
1576,2009.0
1577,2012.0
1578,2011.0
1579,2009.0
1580,2014.0
1581,2017.0
1582,2019.0
1583,2007.0
1584,2013.0
1585,2015.0
1586,2007.0
1587,2015.0
1588,2011.0
1589,2011.0
1590,2011.0
1591,2006.0
1592,2013.0
1593,2017.0
1594,2018.0
1595,2012.0
1596,2016.0
1597,2015.0
1598,2019.0
1599,2012.0
1600,2018.0
1601,2010.0
1602,2008.0
1603,2006.0
1604,2019.0
1605,2004.0
1606,2012.0
1607,2014.0
1608,2016.0
1609,2014.0
1610,2015.0
1611,2017.0
1612,2010.0
1613,2015.0
1614,2017.0
1615,2016.0
1616,2006.0
1617,2013.0
1618,2007.0
1619,2014.0
1620,2013.0
1621,2006.0
1622,2005.0
1623,2018.0
1624,2016.0
1625,2008.0
1626,2019.0
1627,2006.0
1628,2006.0
1629,2007.0
1630,2016.0
1631,2007.0
1632,2019.0
1633,2016.0
1634,2004.0
1635,2018.0
1636,2009.0
1637,2018.0
1638,2007.0
1639,2007.0
1640,2016.0
1641,2007.0
1642,2008.0
1643,2014.0
1644,2010.0
1645,2016.0
1646,2018.0
1647,2009.0
1648,2009.0
1649,2006.0
1650,2009.0
1651,2007.0
1652,2013.0
1653,2009.0
1654,2014.0
1655,2005.0
1656,2005.0
1657,2004.0
1658,2006.0
1659,2019.0
1660,2018.0
1661,2019.0
1662,2014.0
1663,2013.0
1664,2014.0
1665,2005.0
1666,2013.0
1667,2016.0
1668,2015.0
1669,2009.0
1670,2008.0
1671,2005.0
1672,2006.0
1673,2011.0
1674,2013.0
1675,2007.0
1676,2018.0
1677,2005.0
1678,2013.0
1679,2010.0
1680,2007.0
1681,2004.0
1682,2019.0
1683,2017.0
1684,2008.0
1685,2011.0
1686,2004.0
1687,2014.0
1688,2016.0
1689,2015.0
1690,2010.0
1691,2008.0
1692,2012.0
1693,2009.0
1694,2013.0
1695,2017.0
1696,2005.0
1697,2006.0
1698,2019.0
1699,2014.0
1700,2007.0
1701,2013.0
1702,2008.0
1703,2016.0
1704,2019.0
1705,2008.0
1706,2012.0
1707,2012.0
1708,2019.0
1709,2007.0
1710,2019.0
1711,2006.0
1712,2014.0
1713,2011.0
1714,2008.0
1715,2016.0
1716,2004.0
1717,2004.0
1718,2009.0
1719,2009.0
1720,2016.0
1721,2014.0
1722,2008.0
1723,2016.0
1724,2013.0
1725,2016.0
1726,2009.0
1727,2009.0
1728,2014.0
1729,2012.0
1730,2007.0
1731,2015.0
1732,2018.0
1733,2013.0
1734,2004.0
1735,2008.0
1736,2016.0
1737,2015.0
1738,2011.0
1739,2009.0
1740,2011.0
1741,2013.0
1742,2011.0
1743,2019.0
1744,2018.0
1745,2004.0
1746,2004.0
1747,2018.0
1748,2017.0
1749,2019.0
1750,2004.0
1751,2014.0
1752,2018.0
1753,2013.0
1754,2019.0
1755,2005.0
1756,2008.0
1757,2019.0
1758,2019.0
1759,2016.0
1760,2007.0
1761,2009.0
1762,2005.0
1763,2005.0
1764,2011.0
1765,2007.0
1766,2017.0
1767,2016.0
1768,2011.0
1769,2015.0
1770,2009.0
1771,2004.0
1772,2019.0
1773,2007.0
1774,2004.0
1775,2012.0
1776,2015.0
1777,2009.0
1778,2016.0
1779,2004.0
1780,2008.0
1781,2015.0
1782,2005.0
1783,2018.0
1784,2009.0
1785,2017.0
1786,2006.0
1787,2016.0
1788,2007.0
1789,2019.0
1790,2009.0
1791,2017.0
1792,2009.0
1793,2011.0
1794,2018.0
1795,2015.0
1796,2009.0
1797,2015.0
1798,2013.0
1799,2012.0
1800,2013.0
1801,2019.0
1802,2015.0
1803,2012.0
1804,2004.0
1805,2014.0
1806,2009.0
1807,2005.0
1808,2009.0
1809,2013.0
1810,2018.0
1811,2008.0
1812,2006.0
1813,2007.0
1814,2018.0
1815,2009.0
1816,2014.0
1817,2010.0
1818,2014.0
1819,2019.0
1820,2019.0
1821,2007.0
1822,2005.0
1823,2017.0
1824,2016.0
1825,2008.0
1826,2005.0
1827,2008.0
1828,2008.0
1829,2009.0
1830,2012.0
1831,2005.0
1832,2019.0
1833,2008.0
1834,2019.0
1835,2004.0
1836,2005.0
1837,2010.0
1838,2010.0
1839,2013.0
1840,2007.0
1841,2012.0
1842,2006.0
1843,2012.0
1844,2016.0
1845,2004.0
1846,2018.0
1847,2019.0
1848,2015.0
1849,2015.0
1850,2019.0
1851,2013.0
1852,2005.0
1853,2012.0
1854,2008.0
1855,2013.0
1856,2010.0
1857,2012.0
1858,2011.0
1859,2019.0
1860,2011.0
1861,2008.0
1862,2015.0
1863,2006.0
1864,2009.0
1865,2010.0
1866,2005.0
1867,2014.0
1868,2015.0
1869,2013.0
1870,2016.0
1871,2012.0
1872,2004.0
1873,2018.0
1874,2018.0
1875,2015.0
1876,2012.0
1877,2009.0
1878,2012.0
1879,2007.0
1880,2013.0
1881,2018.0
1882,2019.0
1883,2017.0
1884,2007.0
1885,2006.0
1886,2004.0
1887,2011.0
1888,2013.0
1889,2010.0
1890,2005.0
1891,2006.0
1892,2019.0
1893,2009.0
1894,2018.0
1895,2008.0
1896,2008.0
1897,2015.0
1898,2015.0
1899,2019.0
1900,2008.0
1901,2010.0
1902,2016.0
1903,2009.0
1904,2005.0
1905,2004.0
1906,2006.0
1907,2019.0
1908,2012.0
1909,2012.0
1910,2014.0
1911,2018.0
1912,2017.0
1913,2016.0
1914,2013.0
1915,2009.0
1916,2014.0
1917,2012.0
1918,2012.0
1919,2009.0
1920,2016.0
1921,2009.0
1922,2007.0
1923,2007.0
1924,2016.0
1925,2011.0
1926,2009.0
1927,2017.0
1928,2018.0
1929,2016.0
1930,2009.0
1931,2018.0
1932,2004.0
1933,2010.0
1934,2015.0
1935,2006.0
1936,2007.0
1937,2005.0
1938,2012.0
1939,2010.0
1940,2017.0
1941,2015.0
1942,2007.0
1943,2017.0
1944,2012.0
1945,2004.0
1946,2005.0
1947,2016.0
1948,2007.0
1949,2010.0
1950,2012.0
1951,2015.0
1952,2005.0
1953,2018.0
1954,2005.0
1955,2006.0
1956,2009.0
1957,2005.0
1958,2009.0
1959,2005.0
1960,2017.0
1961,2004.0
1962,2016.0
1963,2013.0
1964,2006.0
1965,2016.0
1966,2010.0
1967,2008.0
1968,2019.0
1969,2009.0
1970,2004.0
1971,2017.0
1972,2008.0
1973,2005.0
1974,2017.0
1975,2010.0
1976,2019.0
1977,2014.0
1978,2016.0
1979,2011.0
1980,2011.0
1981,2014.0
1982,2016.0
1983,2017.0
1984,2019.0
1985,2008.0
1986,2012.0
1987,2011.0
1988,2006.0
1989,2019.0
1990,2011.0
1991,2006.0
1992,2007.0
1993,2019.0
1994,2019.0
1995,2017.0
1996,2018.0
1997,2011.0
1998,2014.0
1999,2018.0
2000,2017.0
2001,2018.0
2002,2006.0
2003,2018.0
2004,2008.0
2005,2012.0
2006,2006.0
2007,2018.0
2008,2006.0
2009,2008.0
2010,2006.0
2011,2016.0
2012,2012.0
2013,2017.0
2014,2007.0
2015,2017.0
2016,2004.0
2017,2012.0
2018,2005.0
2019,2013.0
2020,2017.0
2021,2016.0
2022,2011.0
2023,2015.0
2024,2017.0
2025,2018.0
2026,2008.0
2027,2009.0
2028,2016.0
2029,2009.0
2030,2013.0
2031,2018.0
2032,2008.0
2033,2009.0
2034,2010.0
2035,2008.0
2036,2013.0
2037,2015.0
2038,2004.0
2039,2017.0
2040,2007.0
2041,2015.0
2042,2018.0
2043,2018.0
2044,2006.0
2045,2014.0
2046,2010.0
2047,2008.0
2048,2005.0
2049,2019.0
2050,2019.0
2051,2011.0
2052,2018.0
2053,2016.0
2054,2014.0
2055,2010.0
2056,2012.0
2057,2018.0
2058,2016.0
2059,2010.0
2060,2011.0
2061,2019.0
2062,2008.0
2063,2008.0
2064,2006.0
2065,2008.0
2066,2010.0
2067,2015.0
2068,2009.0
2069,2005.0
2070,2013.0
2071,2010.0
2072,2005.0
2073,2016.0
2074,2014.0
2075,2006.0
2076,2019.0
2077,2009.0
2078,2013.0
2079,2016.0
2080,2011.0
2081,2018.0
2082,2010.0
2083,2008.0
2084,2004.0
2085,2004.0
2086,2019.0
2087,2008.0
2088,2013.0
2089,2011.0
2090,2017.0
2091,2007.0
2092,2014.0
2093,2015.0
2094,2016.0
2095,2005.0
2096,2018.0
2097,2012.0
2098,2010.0
2099,2016.0
2100,2012.0
2101,2006.0
2102,2014.0
2103,2010.0
2104,2012.0
2105,2007.0
2106,2005.0
2107,2005.0
2108,2008.0
2109,2011.0
2110,2015.0
2111,2019.0
2112,2011.0
2113,2010.0
2114,2007.0
2115,2009.0
2116,2007.0
2117,2010.0
2118,2017.0
2119,2012.0
2120,2016.0
2121,2008.0
2122,2016.0
2123,2007.0
2124,2019.0
2125,2008.0
2126,2014.0
2127,2015.0
2128,2014.0
2129,2014.0
2130,2009.0
2131,2017.0
2132,2006.0
2133,2005.0
2134,2004.0
2135,2006.0
2136,2009.0
2137,2013.0
2138,2013.0
2139,2019.0
2140,2016.0
2141,2007.0
2142,2007.0
2143,2011.0
2144,2011.0
2145,2010.0
2146,2008.0
2147,2008.0
2148,2008.0
2149,2009.0
2150,2015.0
2151,2008.0
2152,2011.0
2153,2005.0
2154,2008.0
2155,2010.0
2156,2019.0
2157,2015.0
2158,2015.0
2159,2016.0
2160,2004.0
2161,2011.0
2162,2017.0
2163,2012.0
2164,2006.0
2165,2019.0
2166,2005.0
2167,2012.0
2168,2015.0
2169,2011.0
2170,2018.0
2171,2008.0
2172,2006.0
2173,2018.0
2174,2009.0
2175,2015.0
2176,2009.0
2177,2014.0
2178,2007.0
2179,2010.0
2180,2009.0
2181,2012.0
2182,2008.0
2183,2018.0
2184,2005.0
2185,2016.0
2186,2013.0
2187,2018.0
2188,2009.0
2189,2017.0
2190,2010.0
2191,2014.0
2192,2019.0
2193,2008.0
2194,2015.0
2195,2011.0
2196,2017.0
2197,2018.0
2198,2019.0
2199,2010.0
2200,2009.0
2201,2006.0
2202,2013.0
2203,2006.0
2204,2015.0
2205,2011.0
2206,2008.0
2207,2018.0
2208,2009.0
2209,2011.0
2210,2004.0
2211,2013.0
2212,2014.0
2213,2013.0
2214,2015.0
2215,2005.0
2216,2012.0
2217,2017.0
2218,2010.0
2219,2011.0
2220,2011.0
2221,2013.0
2222,2016.0
2223,2009.0
2224,2012.0
2225,2014.0
2226,2012.0
2227,2014.0
2228,2007.0
2229,2014.0
2230,2009.0
2231,2010.0
2232,2008.0
2233,2011.0
2234,2009.0
2235,2006.0
2236,2011.0
2237,2006.0
2238,2011.0
2239,2012.0
2240,2010.0
2241,2012.0
2242,2004.0
2243,2007.0
2244,2011.0
2245,2010.0
2246,2017.0
2247,2012.0
2248,2014.0
2249,2016.0
2250,2016.0
2251,2004.0
2252,2009.0
2253,2010.0
2254,2008.0
2255,2007.0
2256,2014.0
2257,2007.0
2258,2014.0
2259,2019.0
2260,2007.0
2261,2004.0
2262,2018.0
2263,2011.0
2264,2019.0
2265,2015.0
2266,2016.0
2267,2013.0
2268,2005.0
2269,2015.0
2270,2014.0
2271,2018.0
2272,2016.0
2273,2009.0
2274,2011.0
2275,2005.0
2276,2009.0
2277,2014.0
2278,2013.0
2279,2010.0
2280,2005.0
2281,2006.0
2282,2014.0
2283,2015.0
2284,2012.0
2285,2017.0
2286,2010.0
2287,2009.0
2288,2014.0
2289,2004.0
2290,2012.0
2291,2006.0
2292,2018.0
2293,2019.0
2294,2017.0
2295,2004.0
2296,2007.0
2297,2008.0
2298,2007.0
2299,2010.0
2300,2013.0
2301,2018.0
2302,2007.0
2303,2011.0
2304,2004.0
2305,2007.0
2306,2011.0
2307,2016.0
2308,2017.0
2309,2008.0
2310,2008.0
2311,2009.0
2312,2007.0
2313,2009.0
2314,2004.0
2315,2013.0
2316,2009.0
2317,2006.0
2318,2011.0
2319,2014.0
2320,2008.0
2321,2016.0
2322,2016.0
2323,2006.0
2324,2014.0
2325,2014.0
2326,2004.0
2327,2005.0
2328,2006.0
2329,2013.0
2330,2013.0
2331,2011.0
2332,2005.0
2333,2017.0
2334,2015.0
2335,2012.0
2336,2010.0
2337,2007.0
2338,2004.0
2339,2013.0
2340,2017.0
2341,2015.0
2342,2018.0
2343,2013.0
2344,2010.0
2345,2018.0
2346,2004.0
2347,2016.0
2348,2005.0
2349,2014.0
2350,2009.0
2351,2011.0
2352,2009.0
2353,2019.0
2354,2007.0
2355,2005.0
2356,2004.0
2357,2005.0
2358,2015.0
2359,2012.0
2360,2009.0
2361,2010.0
2362,2019.0
2363,2012.0
2364,2005.0
2365,2014.0
2366,2010.0
2367,2015.0
2368,2005.0
2369,2017.0
2370,2009.0
2371,2015.0
2372,2005.0
2373,2011.0
2374,2007.0
2375,2013.0
2376,2017.0
2377,2004.0
2378,2005.0
2379,2017.0
2380,2011.0
2381,2019.0
2382,2012.0
2383,2016.0
2384,2010.0
2385,2016.0
2386,2015.0
2387,2005.0
2388,2018.0
2389,2009.0
2390,2011.0
2391,2004.0
2392,2013.0
2393,2005.0
2394,2016.0
2395,2018.0
2396,2019.0
2397,2006.0
2398,2012.0
2399,2019.0
2400,2006.0
2401,2005.0
2402,2012.0
2403,2011.0
2404,2006.0
2405,2006.0
2406,2019.0
2407,2005.0
2408,2008.0
2409,2017.0
2410,2009.0
2411,2012.0
2412,2008.0
2413,2012.0
2414,2018.0
2415,2009.0
2416,2010.0
2417,2011.0
2418,2014.0
2419,2010.0
2420,2013.0
2421,2013.0
2422,2012.0
2423,2018.0
2424,2012.0
2425,2017.0
2426,2007.0
2427,2006.0
2428,2007.0
2429,2007.0
2430,2007.0
2431,2005.0
2432,2013.0
2433,2018.0
2434,2012.0
2435,2006.0
2436,2019.0
2437,2017.0
2438,2018.0
2439,2010.0
2440,2016.0
2441,2011.0
2442,2008.0
2443,2008.0
2444,2016.0
2445,2015.0
2446,2010.0
2447,2009.0
2448,2009.0
2449,2016.0
2450,2006.0
2451,2011.0
2452,2008.0
2453,2014.0
2454,2007.0
2455,2012.0
2456,2014.0
2457,2019.0
2458,2009.0
2459,2018.0
2460,2015.0
2461,2009.0
2462,2015.0
2463,2015.0
2464,2015.0
2465,2017.0
2466,2014.0
2467,2018.0
2468,2005.0
2469,2006.0
2470,2019.0
2471,2005.0
2472,2004.0
2473,2007.0
2474,2019.0
2475,2011.0
2476,2008.0
2477,2010.0
2478,2013.0
2479,2013.0
2480,2009.0
2481,2005.0
2482,2005.0
2483,2006.0
2484,2008.0
2485,2008.0
2486,2007.0
2487,2009.0
2488,2018.0
2489,2004.0
2490,2009.0
2491,2018.0
2492,2004.0
2493,2017.0
2494,2013.0
2495,2012.0
2496,2019.0
2497,2017.0
2498,2005.0
2499,2004.0
2500,2017.0
2501,2015.0
2502,2019.0
2503,2015.0
2504,2011.0
2505,2008.0
2506,2016.0
2507,2008.0
2508,2015.0
2509,2011.0
2510,2014.0
2511,2018.0
2512,2011.0
2513,2007.0
2514,2009.0
2515,2017.0
2516,2019.0
2517,2007.0
2518,2005.0
2519,2013.0
2520,2005.0
2521,2016.0
2522,2004.0
2523,2014.0
2524,2015.0
2525,2014.0
2526,2018.0
2527,2013.0
2528,2004.0
2529,2019.0
2530,2013.0
2531,2007.0
2532,2017.0
2533,2011.0
2534,2019.0
2535,2004.0
2536,2004.0
2537,2016.0
2538,2009.0
2539,2013.0
2540,2005.0
2541,2004.0
2542,2018.0
2543,2004.0
2544,2004.0
2545,2004.0
2546,2017.0
2547,2004.0
2548,2012.0
2549,2019.0
2550,2006.0
2551,2011.0
2552,2011.0
2553,2008.0
2554,2011.0
2555,2013.0
2556,2009.0
2557,2019.0
2558,2006.0
2559,2009.0
2560,2008.0
2561,2018.0
2562,2014.0
2563,2018.0
2564,2013.0
2565,2018.0
2566,2012.0
2567,2016.0
2568,2006.0
2569,2019.0
2570,2014.0
2571,2004.0
2572,2010.0
2573,2011.0
2574,2005.0
2575,2006.0
2576,2014.0
2577,2011.0
2578,2009.0
2579,2007.0
2580,2019.0
2581,2009.0
2582,2006.0
2583,2005.0
2584,2004.0
2585,2016.0
2586,2012.0
2587,2012.0
2588,2005.0
2589,2013.0
2590,2006.0
2591,2004.0
2592,2013.0
2593,2006.0
2594,2007.0
2595,2011.0
2596,2015.0
2597,2008.0
2598,2019.0
2599,2006.0
2600,2012.0
2601,2004.0
2602,2014.0
2603,2013.0
2604,2008.0
2605,2008.0
2606,2016.0
2607,2005.0
2608,2004.0
2609,2018.0
2610,2017.0
2611,2013.0
2612,2009.0
2613,2017.0
2614,2017.0
2615,2004.0
2616,2018.0
2617,2008.0
2618,2011.0
2619,2019.0
2620,2008.0
2621,2006.0
2622,2006.0
2623,2014.0
2624,2006.0
2625,2015.0
2626,2013.0
2627,2010.0
2628,2012.0
2629,2018.0
2630,2004.0
2631,2009.0
2632,2009.0
2633,2016.0
2634,2004.0
2635,2007.0
2636,2007.0
2637,2007.0
2638,2015.0
2639,2011.0
2640,2008.0
2641,2004.0
2642,2018.0
2643,2010.0
2644,2009.0
2645,2011.0
2646,2015.0
2647,2011.0
2648,2015.0
2649,2008.0
2650,2008.0
2651,2011.0
2652,2013.0
2653,2019.0
2654,2013.0
2655,2008.0
2656,2007.0
2657,2017.0
2658,2006.0
2659,2008.0
2660,2010.0
2661,2009.0
2662,2019.0
2663,2010.0
2664,2005.0
2665,2018.0
2666,2009.0
2667,2005.0
2668,2014.0
2669,2007.0
2670,2013.0
2671,2013.0
2672,2011.0
2673,2011.0
2674,2012.0
2675,2009.0
2676,2006.0
2677,2015.0
2678,2017.0
2679,2019.0
2680,2016.0
2681,2009.0
2682,2019.0
2683,2005.0
2684,2006.0
2685,2017.0
2686,2017.0
2687,2013.0
2688,2017.0
2689,2012.0
2690,2013.0
2691,2017.0
2692,2018.0
2693,2007.0
2694,2010.0
2695,2011.0
2696,2016.0
2697,2009.0
2698,2017.0
2699,2012.0
2700,2017.0
2701,2017.0
2702,2004.0
2703,2016.0
2704,2010.0
2705,2004.0
2706,2017.0
2707,2013.0
2708,2011.0
2709,2010.0
2710,2008.0
2711,2006.0
2712,2017.0
2713,2007.0
2714,2005.0
2715,2019.0
2716,2005.0
2717,2011.0
2718,2006.0
2719,2010.0
2720,2012.0
2721,2012.0
2722,2014.0
2723,2015.0
2724,2009.0
2725,2011.0
2726,2019.0
2727,2008.0
2728,2011.0
2729,2005.0
2730,2015.0
2731,2013.0
2732,2006.0
2733,2009.0
2734,2012.0
2735,2014.0
2736,2016.0
2737,2012.0
2738,2010.0
2739,2004.0
2740,2008.0
2741,2004.0
2742,2012.0
2743,2009.0
2744,2008.0
2745,2013.0
2746,2009.0
2747,2006.0
2748,2008.0
2749,2005.0
2750,2004.0
2751,2016.0
2752,2015.0
2753,2017.0
2754,2004.0
2755,2019.0
2756,2014.0
2757,2019.0
2758,2006.0
2759,2008.0
2760,2013.0
2761,2004.0
2762,2016.0
2763,2006.0
2764,2005.0
2765,2006.0
2766,2008.0
2767,2016.0
2768,2019.0
2769,2007.0
2770,2004.0
2771,2007.0
2772,2011.0
2773,2006.0
2774,2008.0
2775,2019.0
2776,2012.0
2777,2017.0
2778,2009.0
2779,2018.0
2780,2010.0
2781,2009.0
2782,2004.0
2783,2017.0
2784,2015.0
2785,2004.0
2786,2011.0
2787,2014.0
2788,2011.0
2789,2009.0
2790,2017.0
2791,2010.0
2792,2005.0
2793,2005.0
2794,2017.0
2795,2011.0
2796,2007.0
2797,2015.0
2798,2007.0
2799,2017.0
2800,2010.0
2801,2019.0
2802,2006.0
2803,2014.0
2804,2011.0
2805,2004.0
2806,2009.0
2807,2012.0
2808,2016.0
2809,2007.0
2810,2012.0
2811,2011.0
2812,2014.0
2813,2008.0
2814,2009.0
2815,2004.0
2816,2019.0
2817,2009.0
2818,2013.0
2819,2007.0
2820,2004.0
2821,2004.0
2822,2013.0
2823,2015.0
2824,2012.0
2825,2007.0
2826,2013.0
2827,2010.0
2828,2017.0
2829,2013.0
2830,2019.0
2831,2012.0
2832,2005.0
2833,2009.0
2834,2018.0
2835,2016.0
2836,2015.0
2837,2008.0
2838,2008.0
2839,2014.0
2840,2009.0
2841,2012.0
2842,2005.0
2843,2004.0
2844,2005.0
2845,2007.0
2846,2011.0
2847,2010.0
2848,2006.0
2849,2015.0
2850,2013.0
2851,2014.0
2852,2009.0
2853,2019.0
2854,2009.0
2855,2009.0
2856,2018.0
2857,2016.0
2858,2016.0
2859,2018.0
2860,2006.0
2861,2005.0
2862,2015.0
2863,2015.0
2864,2015.0
2865,2007.0
2866,2006.0
2867,2019.0
2868,2007.0
2869,2009.0
2870,2019.0
2871,2005.0
2872,2016.0
2873,2017.0
2874,2006.0
2875,2004.0
2876,2008.0
2877,2004.0
2878,2010.0
2879,2012.0
2880,2009.0
2881,2010.0
2882,2008.0
2883,2016.0
2884,2016.0
2885,2008.0
2886,2018.0
2887,2009.0
2888,2010.0
2889,2006.0
2890,2010.0
2891,2015.0
2892,2012.0
2893,2010.0
2894,2006.0
2895,2006.0
2896,2014.0
2897,2006.0
2898,2012.0
2899,2019.0
2900,2015.0
2901,2015.0
2902,2012.0
2903,2019.0
2904,2010.0
2905,2006.0
2906,2014.0
2907,2009.0
2908,2017.0
2909,2011.0
2910,2018.0
2911,2014.0
2912,2012.0
2913,2018.0
2914,2017.0
2915,2009.0
2916,2016.0
2917,2013.0
2918,2018.0
2919,2004.0
2920,2018.0
2921,2006.0
2922,2018.0
2923,2018.0
2924,2010.0
2925,2012.0
2926,2016.0
2927,2016.0
2928,2004.0
2929,2010.0
2930,2010.0
2931,2010.0
2932,2004.0
2933,2009.0
2934,2007.0
2935,2007.0
2936,2004.0
2937,2015.0
2938,2019.0
2939,2012.0
2940,2004.0
2941,2005.0
2942,2007.0
2943,2014.0
2944,2009.0
2945,2004.0
2946,2008.0
2947,2007.0
2948,2018.0
2949,2017.0
2950,2009.0
2951,2018.0
2952,2011.0
2953,2013.0
2954,2004.0
2955,2010.0
2956,2016.0
2957,2015.0
2958,2017.0
2959,2011.0
2960,2011.0
2961,2016.0
2962,2018.0
2963,2005.0
2964,2018.0
2965,2016.0
2966,2016.0
2967,2013.0
2968,2012.0
2969,2009.0
2970,2018.0
2971,2013.0
2972,2010.0
2973,2016.0
2974,2009.0
2975,2009.0
2976,2013.0
2977,2004.0
2978,2007.0
2979,2007.0
2980,2010.0
2981,2019.0
2982,2019.0
2983,2010.0
2984,2008.0
2985,2010.0
2986,2006.0
2987,2011.0
2988,2005.0
2989,2004.0
2990,2009.0
2991,2018.0
2992,2015.0
2993,2007.0
2994,2010.0
2995,2006.0
2996,2010.0
2997,2015.0
2998,2011.0
2999,2004.0
